"Goals","Players","Clubs","VS Club","Date","Sections"
5,"Luiz Adriano","Shakhtar Donetsk","FC BATE Borisov","21-10-2014","Group Stage"
5,"Lionel Messi","Barcelona","Bayer Leverkusen","07-03-2012","Round of 16"
4,"Lionel Messi","Barcelona","Arsenal","06-04-2010","Quarter-finals"
4,"Dado Prso","AS Monaco","Deportivo La Coruna","05-11-2003","Group Stage"
4,"Zlatan Ibrahimovic","Paris Saint-Germain","RSC Anderlecht","23-10-2013","Group Stage"
4,"Cristiano Ronaldo","Real Madrid","Malmo FF","08-12-2015","Group Stage"
4,"Ruud van Nistelrooy","Manchester United","Sparta Prague","03-11-2004","Group Stage"
4,"Mario Gomez","Bayern Munich","FC Basel","13-03-2012","Round of 16"
4,"Serge Gnabry","Bayern Munich","Tottenham Hotspur","01-10-2019","Group Stage"
4,"Simone Inzaghi","SS Lazio","Olympique Marseille","14-03-2000","Second Group Stage"
4,"Robert Lewandowski","Borussia Dortmund","Real Madrid","24-04-2013","Semi-finals"
4,"Marco van Basten","AC Milan","IFK Gothenburg","25-11-1992","Group Stage"
4,"Robert Lewandowski","Bayern Munich","Crvena Zvezda","26-11-2019","Group Stage"
4,"Andriy Shevchenko","AC Milan","Fenerbahce","23-11-2005","Group Stage"
4,"Bafetimbi Gomis","Olympique Lyonnais","Dinamo Zagreb","07-12-2011","Group Stage"
3,"Luiz Adriano","Shakhtar Donetsk","FC BATE Borisov","05-11-2014","Group Stage"
3,"Robert Lewandowski","Bayern Munich","Dinamo Zagreb","29-09-2015","Group Stage"
3,"Gerard","Valencia","SS Lazio","05-04-2000","Quarter-finals"
3,"Lionel Messi","Barcelona","AFC Ajax","18-09-2013","Group Stage"
3,"Adriano","Internazionale","Artmedia Bratislava","23-11-2005","Group Stage"
3,"Lucas Moura","Tottenham Hotspur","AFC Ajax","08-05-2019","Semi-finals"
3,"Franck Sauzee","Olympique Marseille","CSKA Moscow","17-03-1993","Group Stage"
3,"Sergio Aguero","Manchester City","Borussia M'gladbach","14-09-2016","Group Stage"
3,"Andrew Cole","Manchester United","RSC Anderlecht","13-09-2000","First Group Stage"
3,"Wissam Ben Yedder","Sevilla","NK Maribor","26-09-2017","Group Stage"
3,"Sylvain Wiltord","Olympique Lyonnais","Werder Bremen","08-03-2005","Round of 16"
3,"Aiyegbeni Yakubu","Maccabi Haifa","Olympiakos","24-09-2002","First Group Stage"
3,"Paulo Dybala","Juventus","BSC Young Boys","02-10-2018","Group Stage"
3,"Gabriel Jesus","Manchester City","Dinamo Zagreb","11-12-2019","Group Stage"
3,"Yossi Benayoun","Liverpool","Besiktas","06-11-2007","Group Stage"
3,"Gabriel Jesus","Manchester City","Shakhtar Donetsk","07-11-2018","Group Stage"
3,"Didier Drogba","Olympique Marseille","Partizan Belgrade","01-10-2003","Group Stage"
3,"Roberto Soldado","Valencia","KRC Genk","23-11-2011","Group Stage"
3,"Olivier Giroud","Arsenal","Olympiakos","09-12-2015","Group Stage"
3,"Pierre Emerick Aubameyang","Borussia Dortmund","Benfica","08-03-2017","Round of 16"
3,"Ronaldo","Real Madrid","Manchester United","23-04-2003","Quarter-finals"
3,"Burak Yilmaz","Galatasaray SK","CFR Cluj","07-11-2012","Group Stage"
3,"Andriy Shevchenko","Dynamo Kyiv","Barcelona","05-11-1997","Group Stage"
3,"Samuel Eto'o","Barcelona","Panathinaikos","02-11-2005","Group Stage"
3,"Frode Johnsen","Rosenborg BK","Helsingborgs IF","26-09-2000","First Group Stage"
3,"Arkadiusz Milik","Napoli","KRC Genk","10-12-2019","Group Stage"
3,"Joseba Llorente","Villarreal","Aalborg BK","21-10-2008","Group Stage"
3,"Layvin Kurzawa","Paris Saint-Germain","RSC Anderlecht","31-10-2017","Group Stage"
3,"Alan Shearer","Newcastle United","Bayer Leverkusen","26-02-2003","Second Group Stage"
3,"Alessandro Del Piero","Juventus","AS Monaco","01-04-1998","Semi-finals"
3,"Ivica Olic","Bayern Munich","Olympique Lyonnais","27-04-2010","Semi-finals"
3,"Roy Makaay","Deportivo La Coruna","Bayern Munich","18-09-2002","First Group Stage"
3,"Levan Kobiashvili","FC Schalke 04","PSV Eindhoven","23-11-2005","Group Stage"
3,"Cristiano Ronaldo","Real Madrid","AFC Ajax","03-10-2012","Group Stage"
3,"Neymar","Barcelona","Celtic","11-12-2013","Group Stage"
3,"Tuncay Sanli","Fenerbahce","Manchester United","08-12-2004","Group Stage"
3,"Sigurd Rushfeldt","Rosenborg BK","Galatasaray SK","21-10-1998","Group Stage"
3,"Kaka","AC Milan","RSC Anderlecht","01-11-2006","Group Stage"
3,"Mike Newell","Blackburn Rovers","Rosenborg BK","06-12-1995","Group Stage"
3,"Thierry Henry","Arsenal","AS Roma","27-11-2002","Second Group Stage"
3,"Jadson","Shakhtar Donetsk","FC Basel","26-11-2008","Group Stage"
3,"Mislav Orsic","Dinamo Zagreb","Atalanta","18-09-2019","Group Stage"
3,"Mario Gomez","Bayern Munich","CFR Cluj","03-11-2010","Group Stage"
3,"Danny Welbeck","Arsenal","Galatasaray SK","01-10-2014","Group Stage"
3,"Lionel Messi","Barcelona","Manchester City","19-10-2016","Group Stage"
