"Rank","Goals","Players","Clubs","Sections","Competition"
"1",17,"Cristiano Ronaldo","Real Madrid","Group Stage","UEFA Champions League 13/14"
"2",16,"Cristiano Ronaldo","Real Madrid","Group Stage","UEFA Champions League 15/16"
"3",15,"Cristiano Ronaldo","Real Madrid","Group Stage","UEFA Champions League 17/18"
"4",14,"Lionel Messi","Barcelona","Group Stage","UEFA Champions League 11/12"
"5",12,"Lionel Messi","Barcelona","Group Stage","UEFA Champions League 18/19"
"6",12,"Cristiano Ronaldo","Real Madrid","Group Stage","UEFA Champions League 16/17"
"7",12,"Cristiano Ronaldo","Real Madrid","Group Stage","UEFA Champions League 12/13"
"8",12,"Mario Gomez","Bayern Munich","Group Stage","UEFA Champions League 11/12"
"9",12,"Lionel Messi","Barcelona","Group Stage","UEFA Champions League 10/11"
"10",12,"Ruud van Nistelrooy","Manchester United","First Group Stage","UEFA Champions League 02/03"
"11",11,"Lionel Messi","Barcelona","Group Stage","UEFA Champions League 16/17"
"12",10,"Erling Haaland","Salzburg","Group Stage","UEFA Champions League 19/20"
"13",10,"Robert Lewandowski","Bayern Munich","Group Stage","UEFA Champions League 19/20"
"14",10,"Sadio Mane","Liverpool","Group Stage","UEFA Champions League 17/18"
"15",10,"Roberto Firmino","Liverpool","Group Stage","UEFA Champions League 17/18"
"16",10,"Mohamed Salah","Liverpool","Group Stage","UEFA Champions League 17/18"
"17",10,"Lionel Messi","Barcelona","Group Stage","UEFA Champions League 14/15"
"18",10,"Neymar","Barcelona","Group Stage","UEFA Champions League 14/15"
"19",10,"Cristiano Ronaldo","Real Madrid","Group Stage","UEFA Champions League 14/15"
"20",10,"Zlatan Ibrahimovic","Paris Saint-Germain","Group Stage","UEFA Champions League 13/14"
"21",10,"Robert Lewandowski","Borussia Dortmund","Group Stage","UEFA Champions League 12/13"
"22",10,"Cristiano Ronaldo","Real Madrid","Group Stage","UEFA Champions League 11/12"
"23",10,"Alessandro Del Piero","Juventus","Semi-finals","UEFA Champions League 97/98"
"24",10,"Kaka","AC Milan","Group Stage","UEFA Champions League 06/07"
"25",10,"Filippo Inzaghi","AC Milan","First Group Stage","UEFA Champions League 02/03"
"26",10,"Mario Jardel","FC Porto","Quarter-finals","UEFA Champions League 99/00"
"27",10,"Raul","Real Madrid","Final","UEFA Champions League 99/00"
"28",10,"Rivaldo","Barcelona","Quarter-finals","UEFA Champions League 99/00"
"29",10,"Ruud van Nistelrooy","Manchester United","First Group Stage","UEFA Champions League 01/02"
"30",9,"Robert Lewandowski","Bayern Munich","Group Stage","UEFA Champions League 15/16"
"31",9,"Luiz Adriano","Shakhtar Donetsk","Group Stage","UEFA Champions League 14/15"
"32",9,"Lionel Messi","Barcelona","Group Stage","UEFA Champions League 08/09"
"33",9,"Jari Litmanen","AFC Ajax","Group Stage","UEFA Champions League 95/96"
"34",9,"Andriy Shevchenko","AC Milan","Group Stage","UEFA Champions League 05/06"
"35",9,"Fernando Morientes","AS Monaco","Group Stage","UEFA Champions League 03/04"
"36",9,"Raul","Real Madrid","First Group Stage","UEFA Champions League 02/03"
"37",9,"Roy Makaay","Deportivo La Coruna","First Group Stage","UEFA Champions League 02/03"
"38",9,"Hernan Crespo","Internazionale","First Group Stage","UEFA Champions League 02/03"
"39",9,"Simone Inzaghi","SS Lazio","Quarter-finals","UEFA Champions League 99/00"
"40",8,"Robert Lewandowski","Bayern Munich","Group Stage","UEFA Champions League 18/19"
"41",8,"Wissam Ben Yedder","Sevilla","Group Stage","UEFA Champions League 17/18"
"42",8,"Edin Dzeko","AS Roma","Group Stage","UEFA Champions League 17/18"
"43",8,"Robert Lewandowski","Bayern Munich","Group Stage","UEFA Champions League 16/17"
"44",8,"Edinson Cavani","Paris Saint-Germain","Group Stage","UEFA Champions League 16/17"
"45",8,"Luis Suarez","Barcelona","Group Stage","UEFA Champions League 15/16"
"46",8,"Thomas Muller","Bayern Munich","Group Stage","UEFA Champions League 15/16"
"47",8,"Lionel Messi","Barcelona","Group Stage","UEFA Champions League 13/14"
"48",8,"Diego Costa","Atletico Madrid","Group Stage","UEFA Champions League 13/14"
"49",8,"Thomas Muller","Bayern Munich","Group Stage","UEFA Champions League 12/13"
"50",8,"Burak Yilmaz","Galatasaray SK","Group Stage","UEFA Champions League 12/13"
"51",8,"Lionel Messi","Barcelona","Group Stage","UEFA Champions League 12/13"
"52",8,"Mario Gomez","Bayern Munich","Group Stage","UEFA Champions League 10/11"
"53",8,"Samuel Eto'o","Internazionale","Group Stage","UEFA Champions League 10/11"
"54",8,"Lionel Messi","Barcelona","Group Stage","UEFA Champions League 09/10"
"55",8,"Dwight Yorke","Manchester United","Semi-finals","UEFA Champions League 98/99"
"56",8,"Andriy Shevchenko","Dynamo Kyiv","Semi-finals","UEFA Champions League 98/99"
"57",8,"Cristiano Ronaldo","Manchester United","Group Stage","UEFA Champions League 07/08"
"58",8,"Ruud van Nistelrooy","Manchester United","Group Stage","UEFA Champions League 04/05"
"59",8,"Jan Koller","Borussia Dortmund","First Group Stage","UEFA Champions League 02/03"
"60",8,"Serhiy Rebrov","Dynamo Kyiv","First Group Stage","UEFA Champions League 99/00"
