"Rank","Goals","Clubs","VS Club","Date","Sections"
"1",12,"Borussia Dortmund","Legia Warsaw","22-11-2016","Group Stage"
"2",11,"AS Monaco","Deportivo La Coruna","05-11-2003","Group Stage"
"3",9,"Tottenham Hotspur","Bayern Munich","01-10-2019","Group Stage"
"4",9,"Villarreal","Aalborg BK","21-10-2008","Group Stage"
"5",9,"Olympique Lyonnais","Werder Bremen","08-03-2005","Round of 16"
"6",9,"Paris Saint-Germain","Rosenborg BK","24-10-2000","First Group Stage"
"7",8,"Chelsea","AFC Ajax","05-11-2019","Group Stage"
"8",8,"KRC Genk","Salzburg","17-09-2019","Group Stage"
"9",8,"Celtic","Paris Saint-Germain","22-11-2017","Group Stage"
"10",8,"Manchester City","AS Monaco","21-02-2017","Round of 16"
"11",8,"Real Madrid","Malmo FF","08-12-2015","Group Stage"
"12",8,"Bayer Leverkusen","AS Roma","20-10-2015","Group Stage"
"13",8,"Bayern Munich","AS Roma","21-10-2014","Group Stage"
"14",8,"Bayer Leverkusen","Barcelona","07-03-2012","Round of 16"
"15",8,"Olympique Lyonnais","Dinamo Zagreb","07-12-2011","Group Stage"
"16",8,"Real Madrid","Dinamo Zagreb","22-11-2011","Group Stage"
"17",8,"Liverpool","Chelsea","14-04-2009","Quarter-finals"
"18",8,"Bayern Munich","Sporting Lisbon","10-03-2009","Round of 16"
"19",8,"Olympique Lyonnais","Steaua Bucharest","21-10-2008","Group Stage"
"20",8,"Werder Bremen","RSC Anderlecht","01-12-1993","Group Stage"
"21",8,"Manchester United","Brondby","21-10-1998","Group Stage"
"22",8,"Borussia Dortmund","Steaua Bucharest","04-12-1996","Group Stage"
"23",8,"Liverpool","Besiktas","06-11-2007","Group Stage"
"24",8,"Manchester United","AS Roma","10-04-2007","Quarter-finals"
"25",8,"Manchester United","Fenerbahce","28-09-2004","Group Stage"
