"Player_Name","Red_Card"
"Edgar Davids",4
"Sergio Ramos",4
"Zlatan Ibrahimovic",4
"Philippe Mexes",3
"Joel Veltman",3
"Vedat Inceefe",3
"Didier Drogba",3
"Marco Verratti",3
"Patrick Vieira",3
"Cristian Chivu",3
"Maxi Pereira",2
"Omer Toprak",2
"Fernandinho",2
"Hakan Unsal",2
"Celestine Babayaro",2
"Pepe",2
"Holger Badstuber",2
"Olivier Giroud",2
"Paul Gascoigne",2
"Servet Cetin",2
"Deividas Semberas",2
"Yaroslav Rakitskiy",2
"Miguel Angel Angulo",2
"Geoffroy Serey Die",2
"Andreas Zikos",2
"Darko Kovacevic",2
"Zinedine Zidane",2
"Giorgio Chiellini",2
"Emre Belozoglu",2
"Bastian Schweinsteiger",2
"Ray Parlour",2
"Alvaro Arbeloa",2
"Jerome Boateng",2
"Jorge Fucile",2
"Xabi Alonso",2
"Dmitri Loskov",2
"Luisao",2
"Robin van Persie",2
"Wojciech Szczesny",2
"Anri Khagush",2
"Arda Turan",2
"Yuri Kovtun",2
"Nicolas Gaitan",2
"Zdenek Grygera",2
"Juninho Pernambucano",2
"Paul Scholes",2
"Mark van Bommel",2
"Thomas Muller",2
"Anastasios Pantos",2
"Jose Luis Vidigal",2
