"Rank","Players","Hat Tricks"
"1","Cristiano Ronaldo",8
"2","Lionel Messi",8
"3","Mario Gomez",3
"4","Filippo Inzaghi",3
"5","Luiz Adriano",3
"6","Robert Lewandowski",3
"7","Samuel Eto'o",2
"8","Karim Benzema",2
"9","Roberto Soldado",2
"10","Andriy Shevchenko",2
"11","Andrew Cole",2
"12","Marco Simone",2
"13","Roy Makaay",2
"14","Ruud van Nistelrooy",2
"15","Sergio Aguero",2
"16","Adriano",2
"17","Didier Drogba",2
"18","Michael Owen",2
"19","Gabriel Jesus",2
"20","Neymar",2
"21","Thierry Henry",1
"22","Dado Prso",1
"23","Alan Shearer",1
"24","Kylian Mbappe",1
"25","Ronaldo",1
"26","Predrag Djordjevic",1
"27","Tuncay Sanli",1
"28","Ivan Klasnic",1
"29","Erling Haaland",1
"30","Ronaldinho Gaucho",1
"31","Vincenzo Iaquinta",1
"32","Sylvain Wiltord",1
"33","Mislav Orsic",1
"34","Aiyegbeni Yakubu",1
"35","Sergei Semak",1
"36","Wayne Rooney",1
"37","Arkadiusz Milik",1
"38","Faustino Asprilla",1
"39","Alessandro Del Piero",1
"40","Uwe Rosler",1
"41","Raul",1
"42","Jari Litmanen",1
"43","Marco van Basten",1
"44","Franck Sauzee",1
"45","Mike Newell",1
"46","Sigurd Rushfeldt",1
"47","Andrei Tikhonov",1
"48","Raheem Sterling",1
"49","Rivaldo",1
"50","Claudio Lopez",1
