"Rank","Assists","Assist name"
"1",36,"Cristiano Ronaldo"
"2",32,"Lionel Messi"
"3",30,"Ryan Giggs"
"4",24,"Karim Benzema"
"5",22,"Zlatan Ibrahimovic"
"6",22,"Neymar"
"7",22,"Mesut Ozil"
"8",21,"Marcelo"
"9",21,"Angel Di Maria"
"10",20,"Thomas Muller"
"11",19,"Luis Suarez"
"12",19,"Dani Alves"
"13",19,"Franck Ribery"
"14",18,"Andres Iniesta"
"15",18,"Arjen Robben"
"16",18,"Thierry Henry"
"17",18,"Frank Lampard"
"18",17,"Wayne Rooney"
"19",17,"Francesc Fabregas"
"20",17,"Xavi"
"21",16,"Toni Kroos"
"22",15,"David Alaba"
"23",15,"James Milner"
"24",14,"Raul"
"25",14,"Christian Eriksen"
"26",14,"Douglas Costa"
"27",14,"Wesley Sneijder"
"28",14,"Gareth Bale"
"29",13,"Alexis Sanchez"
"30",13,"Kylian Mbappe"
"31",13,"Thiago Alcantara"
"32",12,"Nani"
"33",12,"Daniel Carvajal"
"34",12,"Juan Sebastian Veron"
"35",12,"Bastian Schweinsteiger"
"36",12,"David Beckham"
"37",12,"Roberto Firmino"
"38",12,"Kaka"
"39",11,"Robert Lewandowski"
"40",11,"Philipp Lahm"
"41",11,"Mario Gotze"
"42",11,"Didier Drogba"
"43",11,"Clarence Seedorf"
"44",11,"Willian"
"45",11,"Florent Malouda"
"46",11,"Gonzalo Higuain"
"47",11,"Raheem Sterling"
"48",10,"Isco"
"49",10,"Luis Figo"
"50",10,"Fernando Torres"
