"Player_Name","Yellow_Card"
"Sergio Ramos",38
"Paul Scholes",32
"Xabi Alonso",31
"Gennaro Gattuso",28
"Dani Alves",27
"Gerard Pique",26
"Carles Puyol",25
"Walter Samuel",25
"Pepe",24
"Fernandinho",24
"Darijo Srna",23
"Alessio Tacchinardi",23
"Luis Figo",23
"Mark van Bommel",23
"Martin Demichelis",22
"Thiago Motta",22
"Patrick Vieira",21
"Patrice Evra",21
"Jorge Costa",21
"Bastian Schweinsteiger",21
"Marco Verratti",21
"Edgar Davids",20
"Massimo Ambrosini",20
"Alessandro Nesta",20
"David Albelda",20
"Michael Ballack",19
"Zlatan Ibrahimovic",19
"Arturo Vidal",19
"Cristiano Ronaldo",19
"Sergio Busquets",19
"Roberto Carlos",19
"Ricardo Carvalho",19
"Cristian Chivu",19
"Javier Mascherano",19
"John Terry",18
"Philippe Mexes",18
"David Luiz",18
"David Beckham",17
"Dejan Stankovic",17
"Cris",17
"Ashley Cole",16
"Olexander Kucher",16
"Ivan Helguera",16
"Deco",16
"Marcelo",16
"Blaise Matuidi",16
"Francesc Fabregas",16
"Jeremy Toulalan",16
"Hasan Salihamidzic",15
"Antonio Conte",15
"",1035
