Matches_Played,Manager_Name,Club_Associated,Wins,Drawn,Losses,Goals for,Goals against,Goal difference,Win %,Points,Points/Match
3,Hans-Dieter Flick,Bayern Munich,3,0,0,11,1,10,100%,9,3
33,Luis Enrique,Barcelona,24,3,6,79,31,48,73%,75,2.27
47,Jupp Heynckes,Real Madrid,32,8,7,102,36,66,68%,104,2.21
5,Mariano Garcia Remon,Real Madrid,3,2,0,11,5,6,60%,11,2.2
11,Niko Kovac,Bayern Munich,7,3,1,29,12,17,64%,24,2.18
39,Zinedine Zidane,Real Madrid,25,9,5,92,45,47,64%,84,2.15
7,Raymond Goethals,Olympique Marseille,4,3,0,15,4,11,57%,15,2.14
10,Jurgen Klinsmann,Bayern Munich,6,3,1,25,10,15,60%,21,2.1
10,Carlos Queiroz,Real Madrid,6,3,1,18,11,7,60%,21,2.1
41,Frank Rijkaard,Barcelona,25,10,6,69,28,41,61%,85,2.07
119,Pep Guardiola,Barcelona,72,26,21,285,123,162,61%,242,2.03
10,Gerardo Martino,Barcelona,6,2,2,21,8,13,60%,20,2
5,Mauricio Pellegrino,Valencia,3,1,1,11,5,6,60%,10,2
6,Javier Aguirre,Atletico Madrid,3,3,0,9,4,5,50%,12,2
5,Luigi Simoni,Internazionale,3,1,1,7,5,2,60%,10,2
2,. Sylvinho,Olympique Lyonnais,1,1,0,3,1,2,50%,4,2
3,Paulo Sergio,CFR Cluj,2,0,1,5,4,1,67%,6,2
95,Louis Van Gaal,Barcelona,57,17,21,182,103,79,60%,188,1.98
19,Julen Lopetegui,FC Porto,11,4,4,39,22,17,58%,37,1.95
46,Laurent Blanc,Girondins De Bordeaux,27,8,11,76,47,29,59%,89,1.93
24,Thomas Tuchel,Borussia Dortmund,14,4,6,64,30,34,58%,46,1.92
12,Avram Grant,Chelsea,6,5,1,19,7,12,50%,23,1.92
43,Ernesto Valverde,Olympiakos,24,10,9,68,35,33,56%,82,1.91
60,Vicente del Bosque,Real Madrid,34,12,14,123,75,48,57%,114,1.9
69,Diego Simeone,Atletico Madrid,38,17,14,98,50,48,55%,131,1.9
10,Dieter Hecking,VfL Wolfsburg,6,1,3,13,11,2,60%,19,1.9
95,Rafa Benitez,Valencia,53,21,21,169,90,79,56%,180,1.89
165,Carlo Ancelotti,Juventus,90,40,35,287,147,140,55%,310,1.88
190,Sir Alex Ferguson,Manchester United,102,49,39,326,178,148,54%,355,1.87
149,Jose Mourinho,FC Porto,81,36,32,258,128,130,54%,279,1.87
22,Sven-Goran Eriksson,SS Lazio,12,5,5,39,18,21,55%,41,1.86
7,Vanderlei Luxemburgo,Real Madrid,4,1,2,10,8,2,57%,13,1.86
6,Luiz Felipe Scolari,Chelsea,3,2,1,9,5,4,50%,11,1.83
6,Frank Lampard,Chelsea,3,2,1,11,9,2,50%,11,1.83
52,Hector Cuper,Valencia,26,16,10,81,47,34,50%,94,1.81
40,Felix Magath,VfB Stuttgart,21,9,10,65,37,28,53%,72,1.8
10,David Moyes,Manchester United,5,3,2,17,9,8,50%,18,1.8
10,Juan Ramon Rocha,Panathinaikos,5,3,2,11,6,5,50%,18,1.8
10,Jean Tigana,AS Monaco,5,3,2,20,15,5,50%,18,1.8
5,Santiago Solari,Real Madrid,3,0,2,10,8,2,60%,9,1.8
38,Gerard Houllier,Liverpool,18,14,6,57,31,26,47%,68,1.79
95,Ottmar Hitzfeld,Bayern Munich,47,28,20,143,101,42,49%,169,1.78
26,Paul Le Guen,Olympique Lyonnais,13,7,6,52,32,20,50%,46,1.77
70,Jurgen Klopp,Borussia Dortmund,37,12,21,141,85,56,53%,123,1.76
78,Fabio Capello,AS Roma,38,23,17,100,59,41,49%,137,1.76
17,Roberto Di Matteo,Chelsea,9,3,5,32,31,1,53%,30,1.76
16,Luis Fernandez,Athletic Bilbao,8,4,4,20,14,6,50%,28,1.75
16,Carlos Rexach,Barcelona,8,4,4,23,17,6,50%,28,1.75
8,Jorge Sampaoli,Sevilla,4,2,2,9,6,3,50%,14,1.75
8,Walter Mazzarri,Napoli,4,2,2,14,11,3,50%,14,1.75
4,Velimir Zajec,Dinamo Zagreb,2,1,1,5,5,0,50%,7,1.75
76,Marcello Lippi,Juventus,38,18,20,136,79,57,50%,132,1.74
17,Erik ten Hag,AFC Ajax,8,5,4,33,19,14,47%,29,1.71
14,Gianluca Vialli,Chelsea,7,3,4,22,14,8,50%,24,1.71
14,Vitor Pereira,FC Porto,7,3,4,18,13,5,50%,24,1.71
14,Roger Gustafsson,IFK Gothenburg,7,3,4,19,17,2,50%,24,1.71
30,Mauricio Pochettino,Tottenham Hotspur,15,6,9,57,41,16,50%,51,1.7
6,Jorge Valdano,Real Madrid,3,1,2,11,5,6,50%,10,1.67
18,Sergio Conceicao,FC Porto,9,3,6,35,30,5,50%,30,1.67
3,Allan Kuhn,Aalborg BK,1,2,0,6,5,1,33%,5,1.67
6,Heiko Vogel,FC Basel,3,1,2,7,13,6,50%,10,1.67
47,Claudio Ranieri,Chelsea,22,12,13,61,56,5,47%,78,1.66
86,Massimiliano Allegri,AC Milan,39,25,22,117,84,33,45%,142,1.65
20,Maurizio Sarri,Napoli,10,3,7,36,29,7,50%,33,1.65
14,Sergio Markarian,Panathinaikos,7,2,5,17,14,3,50%,23,1.64
184,Arsene Wenger,Arsenal,86,42,56,290,212,78,47%,300,1.63
16,Johan Cruyff,Barcelona,7,5,4,29,18,11,44%,26,1.63
16,Lucien Favre,Borussia M'gladbach,8,2,6,20,18,2,50%,26,1.63
8,Artur Jorge,Benfica,3,4,1,9,7,2,38%,13,1.63
8,Domenico Tedesco,FC Schalke 04,4,1,3,9,14,5,50%,13,1.63
20,Eusebio Di Francesco,AS Roma,10,2,8,35,31,4,50%,32,1.6
10,Jean Claude Suaudeau,FC Nantes,4,4,2,15,12,3,40%,16,1.6
15,Zico,Fenerbahce,7,3,5,18,19,1,47%,24,1.6
12,Ricardo Gomes,Girondins De Bordeaux,6,1,5,17,17,0,50%,19,1.58
21,Andre Villas-Boas,Chelsea,10,3,8,32,22,10,48%,33,1.57
7,Albert Celades,Valencia,3,2,2,10,11,1,43%,11,1.57
14,Michel,Olympiakos,7,1,6,22,24,2,50%,22,1.57
16,Radomir Antic,Barcelona,7,4,5,26,16,10,44%,25,1.56
18,Matthias Sammer,Borussia Dortmund,8,4,6,22,19,3,44%,28,1.56
36,Jesualdo Ferreira,FC Porto,16,8,12,44,43,1,44%,56,1.56
13,Bernd Schuster,Real Madrid,6,2,5,21,18,3,46%,20,1.54
68,Manuel Pellegrini,Villarreal,27,23,18,100,75,25,40%,104,1.53
10,Harry Redknapp,Tottenham Hotspur,4,3,3,19,16,3,40%,15,1.5
4,Zdenek Scasny,Panathinaikos,1,3,0,9,6,3,25%,6,1.5
8,Danny Blind,AFC Ajax,3,3,2,12,9,3,38%,12,1.5
46,Guus Hiddink,PSV Eindhoven,19,12,15,61,58,3,41%,69,1.5
12,Titi Vilanova,Barcelona,5,3,4,18,17,1,42%,18,1.5
6,Ioannis Matzourakis,Olympiakos,3,0,3,6,5,1,50%,9,1.5
6,Miguel Angel Lotina,Celta Vigo,2,3,1,7,6,1,33%,9,1.5
6,Eduardo Berizzo,Sevilla,2,3,1,12,12,0,33%,9,1.5
2,Arsenio Iglesias,Real Madrid,1,0,1,1,2,1,50%,3,1.5
16,Nevio Scala,Besiktas,7,3,6,19,22,3,44%,24,1.5
14,Antonio Oliveira,FC Porto,6,3,5,15,19,4,43%,21,1.5
6,Domingos Paciencia,Sporting Braga,3,0,3,5,11,6,50%,9,1.5
61,Roberto Mancini,SS Lazio,25,16,20,81,68,13,41%,91,1.49
45,Didier Deschamps,AS Monaco,20,6,19,69,51,18,44%,66,1.47
58,Javier Irureta,Deportivo La Coruna,23,15,20,74,79,5,40%,84,1.45
41,Unai Emery,Valencia,17,8,16,88,60,28,41%,59,1.44
18,Jacques Santini,Olympique Lyonnais,8,2,8,26,19,7,44%,26,1.44
16,David O'Leary,Leeds United,6,5,5,24,21,3,38%,23,1.44
57,Luciano Spalletti,AS Roma,23,13,21,70,72,2,40%,82,1.44
25,Klaus Toppmoller,Bayer Leverkusen,11,3,11,41,44,3,44%,36,1.44
30,Antonio Conte,Juventus,11,10,9,53,38,15,37%,43,1.43
14,John Toshack,Real Madrid,6,2,6,22,19,3,43%,20,1.43
14,Otto Rehhagel,1. FC Kaiserslautern,6,2,6,23,27,4,43%,20,1.43
26,Fernando Santos,FC Porto,11,4,11,37,34,3,42%,37,1.42
5,Oscar Tabarez,AC Milan,2,1,2,12,9,3,40%,7,1.4
10,Ralf Rangnick,FC Schalke 04,4,2,4,20,18,2,40%,14,1.4
20,Senol Gunes,Trabzonspor,6,10,4,24,32,8,30%,28,1.4
18,Leo Beenhakker,Feyenoord,6,7,5,22,23,1,33%,25,1.39
21,Roger Schmidt,Bayer Leverkusen,7,8,6,31,25,6,33%,29,1.38
8,Remi Garde,Olympique Lyonnais,3,2,3,10,8,2,38%,11,1.38
8,Klaus Augenthaler,Bayer Leverkusen,3,2,3,15,13,2,38%,11,1.38
8,Henk ten Cate,Panathinaikos,3,2,3,10,10,0,38%,11,1.38
30,Giovanni Trapattoni,Fiorentina,10,11,9,41,36,5,33%,41,1.37
19,Manuel Jimenez,Sevilla,8,2,9,28,26,2,42%,26,1.37
19,Paulo Fonseca,FC Porto,7,5,7,23,31,8,37%,26,1.37
11,Octavio Machedo,FC Porto,4,3,4,11,9,2,36%,15,1.36
14,Guy Roux,AJ Auxerre,6,1,7,13,18,5,43%,19,1.36
48,Claude Puel,AS Monaco,17,14,17,68,59,9,35%,65,1.35
3,Ioan Andone,CFR Cluj,1,1,1,4,3,1,33%,4,1.33
3,Craig Shakespeare,Leicester City,1,1,1,3,2,1,33%,4,1.33
6,Dan Petrescu,Unirea Urziceni,2,2,2,8,8,0,33%,8,1.33
3,Rudi Voller,Bayer Leverkusen,1,1,1,1,1,0,33%,4,1.33
6,Joel Muller,RC Lens,2,2,2,11,11,0,33%,8,1.33
3,Knut Torum,Rosenborg BK,1,1,1,3,3,0,33%,4,1.33
6,Daniel Leclercq,RC Lens,2,2,2,5,6,1,33%,8,1.33
6,Murat Yakin,FC Basel,2,2,2,5,6,1,33%,8,1.33
6,Graeme Souness,Benfica,2,2,2,8,9,1,33%,8,1.33
6,Victor Fernandez,FC Porto,2,2,2,4,6,2,33%,8,1.33
6,Ciro Ferrara,Juventus,2,2,2,4,7,3,33%,8,1.33
9,Juande Ramos,Sevilla,4,0,5,12,16,4,44%,12,1.33
12,Marco Silva,Sporting Lisbon,5,1,6,18,25,7,42%,16,1.33
19,Cesare Prandelli,Fiorentina,7,4,8,26,34,8,37%,25,1.32
13,Nuno,Valencia,5,2,6,14,13,1,38%,17,1.31
16,Quique Flores,Valencia,5,6,5,21,21,0,31%,21,1.31
13,Julian Nagelsmann,TSG 1899 Hoffenheim,4,5,4,22,22,0,31%,17,1.31
35,Bobby Robson,Newcastle United,13,7,15,45,48,3,37%,46,1.31
14,Jaroslav Hrebik,Sparta Prague,5,3,6,17,15,2,36%,18,1.29
24,Alberto Zaccheroni,AC Milan,7,10,7,29,29,0,29%,31,1.29
18,Lorenzo Serra Ferrer,Barcelona,6,5,7,22,25,3,33%,23,1.28
36,Leonardo Jardim,Olympiakos,13,7,16,45,55,10,36%,46,1.28
40,Thomas Schaaf,Werder Bremen,14,9,17,58,71,13,35%,51,1.28
109,Mircea Lucescu,Galatasaray SK,38,25,46,140,157,17,35%,139,1.28
42,Valeriy Lobanovskiy,Dynamo Kyiv,14,11,17,62,56,6,33%,53,1.26
12,Philippe Bergeroo,Paris Saint-Germain,4,3,5,22,19,3,33%,15,1.25
16,Raynald Denoueix,FC Nantes,5,5,6,16,15,1,31%,20,1.25
8,Hein Vanhaezebrouck,KAA Gent,3,1,4,10,11,1,38%,10,1.25
8,Thorsten Fink,FC Basel,3,1,4,13,15,2,38%,10,1.25
8,Gian Piero Gasperini,Internazionale,3,1,4,12,14,2,38%,10,1.25
8,Sami Hyypia,Bayer Leverkusen,3,1,4,10,16,6,38%,10,1.25
8,Robin Dutt,Bayer Leverkusen,3,1,4,10,18,8,38%,10,1.25
30,Christoph Daum,Bayer Leverkusen,10,7,13,44,57,13,33%,37,1.23
14,Serhiy Rebrov,Dynamo Kyiv,4,5,5,17,13,4,29%,17,1.21
14,Bruno Genesio,Olympique Lyonnais,3,8,3,18,19,1,21%,17,1.21
14,Urs Fischer,FC Basel,5,2,7,16,22,6,36%,17,1.21
5,Markus Babbel,VfB Stuttgart,1,3,1,6,6,0,20%,6,1.2
5,Bernd Krauss,RCD Mallorca,2,0,3,3,9,6,40%,6,1.2
20,Paulo Bento,Sporting Lisbon,7,3,10,21,34,13,35%,24,1.2
26,Stale Solbakken,FC Copenhagen,8,7,11,23,30,7,31%,31,1.19
17,Takis Lemonis,Olympiakos,5,5,7,23,31,8,29%,20,1.18
6,Ralph Hasenhuttl,RB Leipzig,2,1,3,10,11,1,33%,7,1.17
6,Kenny Dalglish,Newcastle United,2,1,3,7,8,1,33%,7,1.17
6,Jan Ceulemans,Club Brugge,2,1,3,6,7,1,33%,7,1.17
6,Laszlo Boloni,Standard Liege,2,1,3,7,8,1,33%,7,1.17
6,Serse Cosmi,Udinese,2,1,3,10,12,2,33%,7,1.17
6,Morten Olsen,AFC Ajax,2,1,3,4,6,2,33%,7,1.17
6,Sebastiao Lazaroni,Fenerbahce,2,1,3,3,6,3,33%,7,1.17
12,Aleksei Mikhailichenko,Dynamo Kyiv,4,2,6,14,17,3,33%,14,1.17
18,Huub Stevens,FC Schalke 04,6,3,9,24,29,5,33%,21,1.17
12,Rolland Courbis,Olympique Marseille,4,2,6,12,19,7,33%,14,1.17
18,Martin O'Neill,Celtic,6,3,9,20,28,8,33%,21,1.17
46,Jorge Jesus,Benfica,15,9,22,48,58,10,33%,54,1.17
18,Aime Anthuenis,RSC Anderlecht,6,3,9,22,39,17,33%,21,1.17
36,Rui Vitoria,Benfica,12,6,18,43,62,19,33%,42,1.17
25,Dick Advocaat,Rangers,7,8,10,30,30,0,28%,29,1.16
13,Valery Karpin,Spartak Moscow,4,3,6,17,25,8,31%,15,1.15
8,Jiri Kotrba,Sparta Prague,2,3,3,6,9,3,25%,9,1.13
8,Ivan Katalinic,Hajduk Split,2,3,3,5,10,5,25%,9,1.13
25,Frank de Boer,AFC Ajax,7,7,11,29,40,11,28%,28,1.12
18,Ivan Hasek,Sparta Prague,5,5,8,25,31,6,28%,20,1.11
57,Ronald Koeman,AFC Ajax,14,21,22,46,60,14,25%,63,1.11
10,Mirko Slomka,FC Schalke 04,3,2,5,6,7,1,30%,11,1.1
22,Gordon Strachan,Celtic,7,3,12,19,27,8,32%,24,1.09
56,Oleg Romantsev,Spartak Moscow,16,13,27,69,97,28,29%,61,1.09
12,Jens Keller,FC Schalke 04,3,4,5,13,21,8,25%,13,1.08
50,Nils Arne Eggen,Rosenborg BK,14,12,24,70,87,17,28%,54,1.08
14,Alain Perrin,Olympique Marseille,4,3,7,21,23,2,29%,15,1.07
14,Phillip Cocu,PSV Eindhoven,3,6,5,12,16,4,21%,15,1.07
6,Frank Pagelsdorf,Hamburger SV,1,3,2,9,9,0,17%,6,1
6,Temuri Ketsbaia,Anorthosis Famagusta,1,3,2,8,8,0,17%,6,1
5,Oleg Blokhin,Dynamo Kyiv,1,2,2,5,6,1,20%,5,1
3,Bozidar Bandovic,Olympiakos,1,0,2,2,3,1,33%,3,1
5,Marcelino,Valencia,1,2,2,4,5,1,20%,5,1
3,Jan Wouters,PSV Eindhoven,1,0,2,1,3,2,33%,3,1
6,Otto Baric,Salzburg,1,3,2,4,6,2,17%,6,1
6,Michael Skibbe,Borussia Dortmund,1,3,2,7,9,2,17%,6,1
5,Vincenzo Montella,AS Roma,1,2,2,3,6,3,20%,5,1
6,Vassilis Daniil,Panathinaikos,2,0,4,6,9,3,33%,6,1
7,Jose Camacho,Real Madrid,2,1,4,5,9,4,29%,7,1
3,Trond Henriksen,Rosenborg BK,1,0,2,3,7,4,33%,3,1
6,Vladimir Weiss,Artmedia Bratislava,1,3,2,5,9,4,17%,6,1
8,Paulo Sousa,FC Basel,2,2,4,8,13,5,25%,8,1
12,Kurban Berdyev,Rubin Kazan,2,6,4,6,11,5,17%,12,1
6,Viktor Prolopenko,Shakhtar Donetsk,2,0,4,10,15,5,33%,6,1
8,Pawel Janas,Legia Warsaw,2,2,4,5,11,6,25%,8,1
14,Itzhak Shum,Maccabi Haifa,4,2,8,19,27,8,29%,14,1
12,Leonardo,AC Milan,3,3,6,16,24,8,25%,12,1
18,Jaime Pacheco,Boavista,4,6,8,14,25,11,22%,18,1
44,Dusan Bajevic,Olympiakos,9,17,18,41,67,26,20%,44,1
53,Fatih Terim,Galatasaray SK,14,10,29,54,93,39,26%,52,0.98
38,Walter Smith,Rangers,8,13,17,36,62,26,21%,37,0.97
33,Christian Gross,FC Basel,8,8,17,34,62,28,24%,32,0.97
24,Ivica Osim,Sturm Graz,7,2,15,20,53,33,29%,23,0.96
16,Ivan Jovanovic,APOEL Nicosia,3,6,7,13,22,9,19%,15,0.94
35,Eric Gerets,PSV Eindhoven,9,6,20,36,55,19,26%,33,0.94
14,Alex McLeish,Rangers,2,7,5,14,20,6,14%,13,0.93
14,Iosif Sabo,Dynamo Kyiv,4,1,9,17,25,8,29%,13,0.93
30,Trond Sollied,Club Brugge,6,10,14,30,45,15,20%,28,0.93
14,Neil Lennon,Celtic,4,1,9,12,27,15,29%,13,0.93
12,Vahid Halilhodzic,Lille OSC,2,5,5,10,15,5,17%,11,0.92
11,Andre Schubert,Borussia M'gladbach,2,4,5,13,21,8,18%,10,0.91
30,Viktor Goncharenko,FC BATE Borisov,7,6,17,30,56,26,23%,27,0.9
39,Leonid Slutsky,CSKA Moscow,8,11,20,45,72,27,21%,35,0.9
18,Dumitru Dumitriu,Steaua Bucharest,3,7,8,14,26,12,17%,16,0.89
24,Valery Gazzaev,CSKA Moscow,5,6,13,23,33,10,21%,21,0.88
46,Yuri Semin,Lokomotiv Moscow,11,7,28,39,69,30,24%,40,0.87
28,Rudi Garcia,Lille OSC,5,9,14,35,56,21,18%,24,0.86
6,Osvaldo Ardiles,Dinamo Zagreb,1,2,3,7,7,0,17%,5,0.83
6,Dino Zoff,SS Lazio,1,2,3,10,13,3,17%,5,0.83
6,Delio Rossi,SS Lazio,1,2,3,8,11,3,17%,5,0.83
6,Eli Guttman,Hapoel Tel Aviv,1,2,3,7,10,3,17%,5,0.83
6,Cosmin Olaroiu,Steaua Bucharest,1,2,3,7,11,4,17%,5,0.83
6,Antti Muurinen,HJK Helsinki,1,2,3,8,12,4,17%,5,0.83
6,Vladimir Fedotov,Spartak Moscow,1,2,3,7,11,4,17%,5,0.83
12,Angelos Anastasiadis,Panathinaikos,2,4,6,10,15,5,17%,10,0.83
6,Nenad Bjelica,FK Austria Wien,1,2,3,5,10,5,17%,5,0.83
6,Jozef Chovanec,Sparta Prague,1,2,3,6,11,5,17%,5,0.83
6,Ivan Daniliants,FK Rostov,1,2,3,6,12,6,17%,5,0.83
12,Armin Veh,VfB Stuttgart,3,1,8,16,23,7,25%,10,0.83
12,Jurgen Rober,Hertha BSC,2,4,6,10,18,8,17%,10,0.83
6,Nanne Bergstrand,Helsingborgs IF,1,2,3,6,14,8,17%,5,0.83
6,Dezso Novak,Ferencvaros,1,2,3,9,19,10,17%,5,0.83
6,Karel Jarolim,Slavia Prague,1,2,3,5,16,11,17%,5,0.83
12,Bert van Marwijk,Feyenoord,2,4,6,11,22,11,17%,10,0.83
18,Pavel Vrba,Viktoria Plzen,4,3,11,17,44,27,22%,15,0.83
17,Elie Baup,Girondins De Bordeaux,3,5,9,16,30,14,18%,14,0.82
5,Hamza Hamzaoglu,Galatasaray SK,1,1,3,6,11,5,20%,4,0.8
5,Martin Jol,AFC Ajax,1,1,3,4,10,6,20%,4,0.8
5,Jacek Magiera,Legia Warsaw,1,1,3,9,18,9,20%,4,0.8
18,Hugo Broos,RSC Anderlecht,4,2,12,13,31,18,22%,14,0.78
4,Ole Gunnar Solskjaer,Manchester United,1,0,3,3,7,4,25%,3,0.75
12,Jan Boskamp,RSC Anderlecht,1,6,5,9,16,7,8%,9,0.75
12,Ivan Leko,Club Brugge,1,6,5,10,17,7,8%,9,0.75
12,Mats Jingblad,IFK Gothenburg,3,0,9,11,22,11,25%,9,0.75
6,Ray Harford,Blackburn Rovers,1,1,4,5,8,3,17%,4,0.67
6,Franciszek Smuda,Widzew Lodz,1,1,4,6,10,4,17%,4,0.67
6,Hubert Fournier,Olympique Lyonnais,1,1,4,5,9,4,17%,4,0.67
6,Maurizio Trombetta,CFR Cluj,1,1,4,5,9,4,17%,4,0.67
6,Urs Schonenberger,FC Thun,1,1,4,4,9,5,17%,4,0.67
6,Per-Mathias Hogmo,Rosenborg BK,1,1,4,6,11,5,17%,4,0.67
6,Reinhard Saftig,Galatasaray SK,1,1,4,3,9,6,17%,4,0.67
6,Foppe de Haan,SC Heerenveen,1,1,4,3,9,6,17%,4,0.67
6,Oleh Protasov,Olympiakos,1,1,4,6,13,7,17%,4,0.67
6,Sef Vergoossen,KRC Genk,0,4,2,2,9,7,0%,4,0.67
6,Sepp Piontek,Aalborg BK,1,1,4,5,12,7,17%,4,0.67
6,Gerardo Seoane,BSC Young Boys,1,1,4,4,12,8,17%,4,0.67
6,Nir Klinger,Maccabi Tel Aviv,1,1,4,4,12,8,17%,4,0.67
6,Bernard Challandes,FC Zurich,1,1,4,5,14,9,17%,4,0.67
12,Peter Bosz,Borussia Dortmund,2,2,8,12,22,10,17%,8,0.67
6,Bojan Prasnikar,NK Maribor,1,1,4,2,12,10,17%,4,0.67
6,Alberto Malesani,Panathinaikos,1,1,4,4,16,12,17%,4,0.67
12,Aleksandr Yermakovich,FC BATE Borisov,2,2,8,7,36,29,17%,8,0.67
18,Brendan Rodgers,Liverpool,2,5,11,15,43,28,11%,11,0.61
5,Abel Resino,Atletico Madrid,0,3,2,2,8,6,0%,3,0.6
5,Sorin Cartu,CFR Cluj,1,0,4,5,11,6,20%,3,0.6
5,Thomas Binggeli,RSC Anderlecht,1,0,4,2,14,12,20%,3,0.6
12,Co Adriaanse,Willem II Tilburg,1,4,7,15,24,9,8%,7,0.58
12,Frankie Vercauteren,RSC Anderlecht,1,4,7,8,19,11,8%,7,0.58
12,Georgi Dermendzhiev,Ludogorets Razgrad,1,4,7,11,29,18,8%,7,0.58
19,Besnik Hasi,RSC Anderlecht,2,5,12,20,43,23,11%,11,0.58
12,Ertugrul Saglam,Besiktas,2,1,9,6,31,25,17%,7,0.58
12,Vladen Milojevic,Crvena Zvezda,2,1,9,8,37,29,17%,7,0.58
2,Carlos Alberto,FC Porto,0,1,1,2,3,1,0%,1,0.5
2,Jose Couceiro,FC Porto,0,1,1,2,4,2,0%,1,0.5
4,Angel Alberto Marcos,FC Nantes,0,2,2,4,9,5,0%,2,0.5
6,Lothar Matthaus,Partizan Belgrade,0,3,3,3,8,5,0%,3,0.5
4,Nikolaos Nioplias,Panathinaikos,0,2,2,1,7,6,0%,2,0.5
6,Jose Peseiro,Sporting Braga,1,0,5,7,13,6,17%,3,0.5
6,Thomas Doll,Hamburger SV,1,0,5,7,15,8,17%,3,0.5
6,Erik Brakstad,Molde FK,1,0,5,6,14,8,17%,3,0.5
6,Laurentin Reghecampf,Steaua Bucharest,0,3,3,2,10,8,0%,3,0.5
6,Ante Simundza,NK Maribor,0,3,3,4,13,9,0%,3,0.5
6,Jean Fernandez,AJ Auxerre,1,0,5,3,12,9,17%,3,0.5
6,Giovanni van Bronckhorst,Feyenoord,1,0,5,5,14,9,17%,3,0.5
10,Ivaylo Petev,Dinamo Zagreb,1,2,7,10,21,11,10%,5,0.5
6,Zoran Mamic,Dinamo Zagreb,1,0,5,3,14,11,17%,3,0.5
6,Darko Milanic,NK Maribor,0,3,3,3,16,13,0%,3,0.5
6,Ebbe Skovdahl,Brondby,1,0,5,4,18,14,17%,3,0.5
12,Michel Preud'homme,FC Twente,1,3,8,11,25,14,8%,6,0.5
12,John van den Brom,RSC Anderlecht,1,3,8,8,26,18,8%,6,0.5
12,Age Hareide,Malmo FF,2,0,10,5,36,31,17%,6,0.5
12,Mario Been,KRC Genk,0,5,7,4,33,29,0%,5,0.42
14,Mustafa Denizli,Fenerbahce,1,2,11,7,23,16,7%,5,0.36
3,Juan Ramon Lopez Caro,Real Madrid,0,1,2,1,3,2,0%,1,0.33
3,Zlatko Kranjcar,Dinamo Zagreb,0,1,2,0,5,5,0%,1,0.33
6,Jaroslav Silhavy,Slavia Prague,0,2,4,4,10,6,0%,2,0.33
6,Rene Girard,Montpellier HSC,0,2,4,6,12,6,0%,2,0.33
3,Bruce Rioch,Aalborg BK,0,1,2,3,9,6,0%,1,0.33
6,Mark van Bommel,PSV Eindhoven,0,2,4,6,13,7,0%,2,0.33
6,Ola By Rise,Rosenborg BK,0,2,4,6,13,7,0%,2,0.33
6,Luis Aragones,Fenerbahce,0,2,4,4,11,7,0%,2,0.33
6,Reiner Hollmann,Galatasaray SK,0,2,4,1,10,9,0%,2,0.33
6,Gennadi Kostylev,CSKA Moscow,0,2,4,2,11,9,0%,2,0.33
6,Ernst Dokupil,Rapid Wien,0,2,4,2,12,10,0%,2,0.33
6,Augusto Inacio,Sporting Lisbon,0,2,4,5,15,10,0%,2,0.33
6,Gurban Gurbanov,Qarabag FK,0,2,4,2,14,12,0%,2,0.33
12,Stanimir Stoilov,Levski Sofia,0,4,8,6,28,22,0%,4,0.33
4,Stanislav Griga,Sparta Prague,0,1,3,1,7,6,0%,1,0.25
4,Luigi Delneri,AS Roma,0,1,3,2,9,7,0%,1,0.25
4,Thierry Henry,AS Monaco,0,1,3,1,9,8,0%,1,0.25
9,Marius Lacatus,Steaua Bucharest,0,2,7,7,16,9,0%,2,0.22
9,Anatoliy Demyanenko,Dynamo Kyiv,0,2,7,6,26,20,0%,2,0.22
6,Jos Daerden,Lierse SK,0,1,5,3,12,9,0%,1,0.17
6,Jagoba Arrasate,Real Sociedad,0,1,5,1,10,9,0%,1,0.17
6,Hans Westerhof,PSV Eindhoven,0,1,5,4,13,9,0%,1,0.17
6,Christophe Galtier,Lille OSC,0,1,5,4,14,10,0%,1,0.17
6,Frantisek Straka,Sparta Prague,0,1,5,2,13,11,0%,1,0.17
6,Georgios Donis,APOEL Nicosia,0,1,5,1,12,11,0%,1,0.17
6,Stuart Baxter,AIK Solna,0,1,5,4,16,12,0%,1,0.17
6,Albert Stuivenberg,KRC Genk,0,1,5,5,20,15,0%,1,0.17
6,Kasper Hjulmand,Nordsjaelland,0,1,5,4,22,18,0%,1,0.17
8,Krunoslav Jurcic,Dinamo Zagreb,0,1,7,4,26,22,0%,1,0.13
