"Rank","Nation","Total"
"1","Germany",36
"2","Italy",32
"3","France",30
"4","Netherlands",29
"5","Spain",27
"6","Portugal",26
"7","Russia",13
"8","Argentina",12
"9","Romania",12
"10","Croatia",10
"11","Norway",10
"12","Belgium",9
"13","Switzerland",9
"14","England",8
"15","Scotland",8
"16","Brazil",8
"17","Greece",8
"18","Czech Republic",7
"19","Serbia",6
"20","Yugoslavia",6
"21","Turkey",6
"22","Israel",5
"23","Austria",5
"24","Ukraine",4
"25","Denmark",4
"26","Czechoslavakia",4
"27","Sweden",4
"28","Slovenia",3
"29","Finland",3
"30","Poland",3
"31","Bulgaria",3
"32","Northern Ireland",3
"33","Uruguay",2
"34","Slovakia",2
"35","Hungary",2
"36","Chile",2
"37","Belarus",2
"38","Albania",1
"39","Azerbaijan",1
"40","Turkmenistan",1
"41","Wales",1
"42","Bosnia and Herzegovina",1
"43","Republic of Ireland",1
"44","Georgia",1
"45","Mexico",1
