"Goals","Clubs","Competition"
45,"Barcelona","UEFA Champions League 99/00"
41,"Liverpool","UEFA Champions League 17/18"
41,"Real Madrid","UEFA Champions League 13/14"
36,"Real Madrid","UEFA Champions League 16/17"
35,"Barcelona","UEFA Champions League 11/12"
35,"Real Madrid","UEFA Champions League 11/12"
35,"Real Madrid","UEFA Champions League 99/00"
35,"Real Madrid","UEFA Champions League 01/02"
35,"Real Madrid","UEFA Champions League 00/01"
33,"Real Madrid","UEFA Champions League 17/18"
33,"Bayern Munich","UEFA Champions League 14/15"
33,"Real Madrid","UEFA Champions League 02/03"
32,"Barcelona","UEFA Champions League 08/09"
32,"Manchester United","UEFA Champions League 02/03"
31,"Barcelona","UEFA Champions League 14/15"
31,"Bayern Munich","UEFA Champions League 12/13"
31,"Manchester United","UEFA Champions League 01/02"
30,"Bayern Munich","UEFA Champions League 15/16"
30,"Barcelona","UEFA Champions League 10/11"
30,"Juventus","UEFA Champions League 02/03"
29,"Manchester United","UEFA Champions League 98/99"
29,"Liverpool","UEFA Champions League 07/08"
29,"Olympique Lyonnais","UEFA Champions League 04/05"
29,"Bayer Leverkusen","UEFA Champions League 01/02"
28,"Borussia Dortmund","UEFA Champions League 16/17"
