"Matches_played,",Club,Won,Lost,Goals_for,Goals against
7,Real Madrid,7,0,18,5
5,Barcelona,4,1,10,7
6,AC Milan,3,3,9,6
4,Liverpool,2,2,7,8
5,Bayern Munich,2,3,5,7
4,Manchester United,2,2,4,7
6,Juventus,1,5,4,12
2,Borussia Dortmund,1,1,4,3
1,FC Porto,1,0,3,0
1,Internazionale,1,0,2,0
2,AFC Ajax,1,1,2,1
2,Chelsea,1,1,2,2
1,Olympique Marseille,1,0,1,0
2,Atletico Madrid,0,2,2,5
2,Valencia,0,2,1,4
1,Bayer Leverkusen,0,1,1,2
1,Arsenal,0,1,1,2
1,AS Monaco,0,1,0,3
1,Tottenham Hotspur,0,1,0,2
