"Players","Position","Total"
"Iker Casillas","Goalkeeper",115
"Raul","Forward",96
"Xavi","Midfielder",95
"Ryan Giggs","Midfielder",92
"Cristiano Ronaldo","Forward",89
"Roberto Carlos","Defender",86
"Gary Neville","Defender",82
"Paul Scholes","Midfielder",81
"Gianluigi Buffon","Goalkeeper",80
"Zlatan Ibrahimovic","Forward",80
"Clarence Seedorf","Midfielder",79
"Luis Figo","Midfielder",77
"David Beckham","Midfielder",77
"Thierry Henry","Forward",76
"Sergei Ignaschevich","Defender",75
"Oliver Kahn","Goalkeeper",75
"Paolo Maldini","Defender",75
"Carles Puyol","Defender",73
"Lionel Messi","Forward",72
"Ashley Cole","Defender",70
"Petr Cech","Goalkeeper",69
"Oleksandr Shovkovskyi","Goalkeeper",69
"Roar Strand","Midfielder",69
"Karim Benzema","Forward",69
"Guti","Midfielder",69
"Alessandro Nesta","Defender",68
"Andriy Shevchenko","Forward",68
"Sergio Ramos","Defender",67
"Andrea Pirlo","Midfielder",67
"Maxwell","Defender",67
"Andres Iniesta","Midfielder",66
"Sylvain Wiltord","Forward",66
"Javier Zanetti","Midfielder",65
"Fernando Morientes","Forward",65
"Rivaldo","Forward",64
"Robert Pires","Midfielder",64
"Francesc Fabregas","Midfielder",63
"Mikael Silvestre","Defender",63
"Alessandro Del Piero","Forward",63
"Fernandinho","Midfielder",62
"Patrick Vieira","Midfielder",62
"Xabi Alonso","Midfielder",62
"Arjen Robben","Midfielder",62
"Ivan Helguera","Defender",61
"Dejan Stankovic","Midfielder",61
"Hasan Salihamidzic","Midfielder",61
"John Terry","Defender",60
"Ruud van Nistelrooy","Forward",60
"Philipp Lahm","Defender",60
"Michael Ballack","Midfielder",60
"Phillip Cocu","Midfielder",59
"Frank de Boer","Defender",59
"Pavel Nedved","Midfielder",59
"Thomas Muller","Forward",59
"Ole-Gunnar Solskjaer","Forward",59
"Predrag Djordjevic","Midfielder",58
"Eric Hoftun","Defender",58
"Manuel Neuer","Goalkeeper",58
"Patrice Evra","Defender",58
"Tomas Rosicky","Midfielder",58
"Bastian Schweinsteiger","Midfielder",58
"Andrei Pyatov","Goalkeeper",57
"Gerard Pique","Defender",57
"Michel Salgado","Defender",57
"Michael Reiziger","Defender",57
"Igor Akinfeev","Goalkeeper",56
"Darijo Srna","Defender",56
"Claude Makelele","Midfielder",56
"Pepe","Defender",56
"Sergio Busquets","Midfielder",56
"Toni Kroos","Midfielder",56
"Victor Valdes","Goalkeeper",55
"Antonios Nikopolidis","Goalkeeper",55
"Rio Ferdinand","Defender",55
"Marcelo","Defender",55
"Claudio Pizarro","Forward",55
"Sidney Govou","Forward",55
"Dani Alves","Defender",54
"Lucio","Defender",54
"Walter Samuel","Defender",54
"Wesley Sneijder","Midfielder",54
"Tomas Hubschmann","Defender",54
"Thiago Motta","Midfielder",54
"Alessio Tacchinardi","Midfielder",54
"Willian","Midfielder",54
"Roy Keane","Midfielder",53
"Bent Skammelsrud","Midfielder",53
"Jamie Carragher","Defender",53
"Edwin van der Sar","Goalkeeper",53
"Christian Panucci","Defender",53
"Anthony Reveillere","Defender",53
"Frank Lampard","Midfielder",53
"Edgar Davids","Midfielder",53
"Luisao","Defender",52
"Robert Lewandowski","Forward",52
"Deco","Midfielder",52
"Thiago Silva","Defender",52
"Samuel Kuffour","Defender",52
"Gianluca Zambrotta","Defender",52
"Giovane Elber","Forward",52
"Sergio Aguero","Forward",52
"Lucho Gonzalez","Midfielder",51
"Esteban Cambiasso","Midfielder",51
"Filippo Inzaghi","Forward",51
"Massimo Ambrosini","Defender",51
"Angel Di Maria","Midfielder",51
"Ricardo Carvalho","Defender",50
"Mark van Bommel","Midfielder",50
"Emerson","Midfielder",50
"Gennaro Gattuso","Midfielder",50
"Georgios Anatolakis","Defender",50
"Javier Mascherano","Midfielder",50
"Patrick Kluivert","Forward",50
"Ergun Penbe","Midfielder",50
"Gonzalo Higuain","Forward",50
"Jens Lehmann","Goalkeeper",49
"Zinedine Zidane","Midfielder",49
"Lillian Thuram","Defender",49
"Steven Gerrard","Midfielder",49
"John Arne Riise","Defender",49
"Fredrik Ljungberg","Midfielder",49
"Nicky Butt","Midfielder",49
"Gianluca Pessotto","Defender",49
"Arif Erdem","Forward",49
"Santiago Canizares","Goalkeeper",48
"Wayne Rooney","Forward",48
"Aleksei Berezoutski","Defender",48
"Maxi Pereira","Defender",48
"Florent Malouda","Midfielder",48
"Ricardo Quaresma","Midfielder",48
"Yaroslav Rakitskiy","Defender",47
"Pepe Reina","Goalkeeper",47
"Fernando Hierro","Defender",47
"Per Mertesacker","Defender",47
"Joao Moutinho","Midfielder",47
"Didier Drogba","Forward",47
"Roy Makaay","Forward",47
"John O'Shea","Defender",47
"Phil Neville","Defender",47
"Douglas Costa","Midfielder",47
"Nwankwo Kanu","Forward",47
"Vitor Baia","Goalkeeper",46
"Francesco Totti","Forward",46
"Juan Sebastian Veron","Midfielder",46
"Ze Roberto","Midfielder",46
"Giorgio Chiellini","Defender",46
"Alessandro Costacurta","Defender",46
"Bulent Korkmaz","Defender",46
"Vasili Berezoutski","Defender",46
"Kakha Kaladze","Defender",46
"Blaise Matuidi","Midfielder",46
"David Albelda","Midfielder",46
"Miralem Pjanic","Midfielder",46
"Gael Clichy","Defender",46
"Nicolas Anelka","Forward",46
"Jose Bosingwa","Defender",46
"Valyantsin Byalkevich","Midfielder",46
"Javier Saviola","Forward",46
"Mehmet Scholl","Midfielder",46
"Lionel Scaloni","Defender",46
"Denis Irwin","Defender",45
"Hans-Jorg Butt","Goalkeeper",45
"Gregory Coupet","Goalkeeper",45
"Kaka","Midfielder",45
"Sami Khedira","Midfielder",45
"Raul Albiol","Defender",45
"Etame-Mayer Lauren","Midfielder",45
"David Silva","Midfielder",45
"Hasan Sas","Forward",45
"Hernan Crespo","Forward",45
"Ljubinko Drulovic","Midfielder",45
"Roque Santa Cruz","Forward",45
"Santiago Solari","Midfielder",45
"William Gallas","Defender",44
"Julio Cesar","Goalkeeper",44
"Dida","Goalkeeper",44
"Yaya Toure","Midfielder",44
"Willy Sagnol","Defender",44
"Mesut Ozil","Midfielder",44
"Michael Essien","Midfielder",44
"David Trezeguet","Forward",44
"Maksim Shatskikh","Forward",44
"Pedro Rodriguez","Midfielder",44
"Jerome Boateng","Defender",43
"Ivan Cordoba","Defender",43
"Johann Vogel","Midfielder",43
"Bixente Lizarazu","Defender",43
"Giovanni van Bronckhorst","Defender",43
"Kolo Toure","Defender",43
"John Carew","Forward",43
"Ivan Rakitic","Midfielder",43
"Darren Fletcher","Midfielder",43
"Axel Witsel","Midfielder",42
"Christian Abbiati","Goalkeeper",42
"Jaap Stam","Defender",42
"Jorge Costa","Defender",42
"Olexander Kucher","Defender",42
"Edinson Cavani","Forward",42
"Juninho Pernambucano","Midfielder",42
"Gilberto Silva","Midfielder",42
"Edin Dzeko","Forward",42
"Fernando","Midfielder",42
"Nani","Midfielder",42
"Giorgios Karagounis","Midfielder",42
"Aleksandar Kolarov","Defender",42
"Matthieu Valbuena","Midfielder",42
"Branislav Ivanovic","Defender",41
"Carsten Ramelow","Midfielder",41
"Fabian Barthez","Goalkeeper",41
"Hugo Lloris","Goalkeeper",41
"Ronald Waterreus","Goalkeeper",41
"Torsten Frings","Midfielder",41
"Giovanni","Midfielder",41
"Jefferson Farfan","Forward",41
"Marco Verratti","Midfielder",41
"Antoine Griezmann","Forward",41
"Ronald de Boer","Midfielder",41
"Martin Demichelis","Defender",41
"Marc Overmars","Forward",41
"Nigel De Jong","Midfielder",41
"Jiri Jarosik","Midfielder",41
"Rafinha","Defender",41
"Thorsten Fink","Midfielder",41
"Arturo Vidal","Midfielder",41
"Robin van Persie","Forward",41
"Olivier Deschacht","Defender",40
"Leonardo Bonucci","Defender",40
"Didier Deschamps","Midfielder",40
"Demetrio Albertini","Midfielder",40
"Cafu","Defender",40
"Raphael Varane","Defender",40
"Ole Christer Basma","Defender",40
"Franck Ribery","Midfielder",40
"Daniele De Rossi","Midfielder",40
"Nicolas Otamendi","Defender",40
"Andriy Nesmachnyi","Defender",40
"Aloisio","Defender",40
"Alex Costa","Defender",40
"Mario Jardel","Forward",40
"Hulk","Forward",40
"Ioannis Goumas","Defender",40
"Alex Sandro","Defender",40
"Samuel Eto'o","Forward",40
"Samir Nasri","Midfielder",40
"Luka Modric","Midfielder",40
"Rui Costa","Midfielder",40
"Fernando Torres","Forward",40
"Aaron Ramsey","Midfielder",40
"Timmy Simons","Midfielder",39
"Jerzy Dudek","Goalkeeper",39
"Andriy Husin","Midfielder",39
"Robert Kovac","Defender",39
"Luiz Adriano","Forward",39
"David Alaba","Defender",39
"Bernd Schneider","Midfielder",39
"Anatoly Tymoschuk","Midfielder",39
"Mario Gotze","Midfielder",39
"Emmanuel Eboue","Defender",39
"Victor","Midfielder",39
"Wes Brown","Defender",39
"Orjan Berg","Midfielder",38
"Vladyslav Vashchuk","Defender",38
"Helton","Goalkeeper",38
"Angelo Peruzzi","Goalkeeper",38
"Jose Molina","Goalkeeper",38
"David Luiz","Defender",38
"Alvaro Arbeloa","Defender",38
"Maicon","Defender",38
"Vincent Kompany","Defender",38
"Enrique Romero","Defender",38
"Hakan Sukur","Forward",38
"Ciro Ferrara","Defender",38
"Ezequiel Garay","Defender",38
"Aliaksandr Hleb","Midfielder",38
"Georgi Schennikov","Midfielder",38
"Eden Hazard","Midfielder",38
"Capucho","Forward",38
"Edouard Cisse","Midfielder",38
"Seydou Keita","Midfielder",38
"Jesus Navas","Midfielder",38
"Julio Cruz","Forward",38
"Diego Godin","Defender",37
"Sami Hyypia","Defender",37
"Kostas Manolas","Defender",37
"Jorge Koke","Midfielder",37
"Hakan Unsal","Defender",37
"Eric Abidal","Defender",37
"Daley Blind","Defender",37
"Edmilson","Defender",37
"Tiberiu Ghioane","Midfielder",37
"Mahamadou Diarra","Midfielder",37
"Thomas Linke","Defender",37
"Luis Enrique","Midfielder",37
"Adriano","Defender",37
"Nicolas Gaitan","Midfielder",37
"Mateja Kezman","Forward",37
"Alessandro Birindelli","Defender",37
"Jari Litmanen","Midfielder",37
"Dimitar Berbatov","Forward",37
"Miguel Angel Angulo","Midfielder",37
"Serginho","Midfielder",37
"Alexander Zickler","Forward",37
"Jiri Novotny","Defender",36
"Steve Mandanda","Goalkeeper",36
"Francesco Toldo","Goalkeeper",36
"Yegor Titov","Forward",36
"Angelos Basinas","Midfielder",36
"Cris","Defender",36
"Stefan Reuter","Defender",36
"Paolo Montero","Defender",36
"Philippe Mexes","Defender",36
"Dmitri Khlestov","Defender",36
"Gaizka Mendieta","Midfielder",36
"Mats Hummels","Defender",36
"Dimitrios Mavrogenidis","Defender",36
"Fernando Couto","Defender",36
"Mark Iuliano","Defender",36
"Christian Eriksen","Midfielder",36
"Kim Kallstrom","Midfielder",36
"John Mikel Obi","Midfielder",36
"Yuri Nikiforov","Defender",35
"Razvan Rat","Defender",35
"Marcel Desailly","Defender",35
"Sergi","Defender",35
"Wojciech Szczesny","Goalkeeper",35
"Toby Alderweireld","Defender",35
"Taras Stepanenko","Midfielder",35
"Marek Suchy","Defender",35
"Mauricio Pellegrino","Defender",35
"Nikos Liberopoulos","Forward",35
"Jose Callejon","Forward",35
"Jordi Alba","Defender",35
"Michael Carrick","Midfielder",35
"Paulinho Santos","Midfielder",35
"Serhiy Rebrov","Forward",35
"Nemanja Matic","Midfielder",35
"Heung Min Son","Midfielder",35
"Isco","Midfielder",35
"Michael Tarnat","Midfielder",35
"Par Zetterberg","Midfielder",35
"Javi Garcia","Midfielder",35
"Oleh Gusev","Midfielder",35
"Diego Forlan","Forward",35
"Diego Tristan","Forward",35
"Noureddine Naybet","Defender",34
"Neymar","Forward",34
"Benedikt Howedes","Defender",34
"Marquinhos","Defender",34
"Cristian Chivu","Defender",34
"Oleg Luzhniy","Defender",34
"Harald Brattbakk","Forward",34
"Marco Materazzi","Defender",34
"Amedeo Carboni","Defender",34
"Andrew Cole","Forward",34
"Mathieu Flamini","Midfielder",34
"Alex Teixeira","Midfielder",34
"Dennis Bergkamp","Forward",34
"Juan Carlos Valeron","Midfielder",34
"James Rodriguez","Midfielder",34
"Alex Song","Midfielder",34
"Emre Belozoglu","Midfielder",34
"Jon Dahl Tomasson","Forward",34
"Suat Kaya","Midfielder",34
"Albert Celades","Midfielder",34
"Konstantinos Mitroglou","Forward",34
"Theo Walcott","Forward",34
"Fredrik Winsnes","Midfielder",34
"Sebastien Squillaci","Defender",33
"Sol Campbell","Defender",33
"Fernando Muslera","Goalkeeper",33
"Gheorghe Popescu","Defender",33
"Luis Suarez","Forward",33
"Cesar Azpilicueta","Defender",33
"Alan Dzagoev","Midfielder",33
"Libor Sionko","Midfielder",33
"Omer Toprak","Defender",33
"Chris Smalling","Defender",33
"Simao Sabrosa","Forward",33
"Dietmar Hamann","Midfielder",33
"Ieroklis Stoltidis","Midfielder",33
"Taison","Forward",33
"Umit Davala","Midfielder",33
"Andre Almeida","Defender",33
"Raheem Sterling","Midfielder",33
"Saul Niguez","Midfielder",33
"Ilkay Gundogan","Midfielder",33
"Lukasz Piszczek","Defender",33
"Mihalis Konstantinou","Forward",33
"Jens Jeremies","Midfielder",33
"Tiago","Midfielder",33
"Javier Hernandez","Forward",33
"Juan Mata","Midfielder",33
"Ryan Babel","Forward",33
"Joe Cole","Midfielder",33
"Carsten Jancker","Forward",33
"Daniel van Buyten","Defender",32
"Naldo","Defender",32
"Oleksandr Holovko","Defender",32
"Nicolas Lombaerts","Defender",32
"Scott Brown","Midfielder",32
"Yuri Dmytrulin","Defender",32
"Marc Andre ter Stegen","Goalkeeper",32
"David Seaman","Goalkeeper",32
"Filip de Wilde","Goalkeeper",32
"Mauro Silva","Midfielder",32
"Andre Bergdolmo","Defender",32
"Jahn Ivar Jakobsen","Forward",32
"Mohamed Salah","Forward",32
"Ronaldinho Gaucho","Midfielder",32
"Goran Gavrancic","Forward",32
"Jeremy Toulalan","Midfielder",32
"Fran","Midfielder",32
"Danilo","Defender",32
"Gareth Bale","Midfielder",32
"Brandao","Forward",32
"Oliver Neuville","Forward",32
"Benoit Cheyrou","Midfielder",32
"Hector Herrera","Midfielder",32
"Okan Buruk","Midfielder",32
"Boris Zivkovic","Defender",32
"Robinho","Forward",32
"Lucas Moura","Midfielder",32
"James Milner","Midfielder",32
"Lars Ricken","Midfielder",32
"Salomon Kalou","Forward",32
"Carlos Secretario","Defender",31
"Giuseppe Favalli","Defender",31
"Pedro Emanuel","Defender",31
"Jan Oblak","Goalkeeper",31
"Stefan Klos","Goalkeeper",31
"Zdenek Grygera","Defender",31
"Danny","Forward",31
"Fabio Cannavaro","Defender",31
"David De Gea","Goalkeeper",31
"Diego Simeone","Midfielder",31
"Mauro Camoranesi","Midfielder",31
"Angelo Di Livio","Midfielder",31
"Aleksandr Khatskevich","Midfielder",31
"Vassili Baronov","Midfielder",31
"Petri Pasanen","Defender",31
"Bacary Sagna","Defender",31
"Lisandro Lopez","Forward",31
"Grigoris Georgatos","Midfielder",31
"Pizzi","Midfielder",31
"Sergio Conceicao","Midfielder",31
"Stelios Giannakopoulos","Midfielder",31
"Boudewijn Zenden","Midfielder",31
"Ji Sung Park","Midfielder",31
"Walter Pandiani","Forward",31
"Diego","Midfielder",30
"Faryd Mondragon","Goalkeeper",30
"Dimitrios Eleftheropoulos","Goalkeeper",30
"Jan Heintze","Defender",30
"Jan Koller","Forward",30
"Jeremie Brechet","Defender",30
"Kily Gonzalez","Midfielder",30
"Henrikh Mkhitaryan","Midfielder",30
"Wilfred Bouma","Defender",30
"Stephane Dalmat","Midfielder",30
"Rafael Da Silva","Defender",30
"Alexis Sanchez","Forward",30
"Ludovic Giuly","Midfielder",30
"Paul Pogba","Midfielder",30
"Jean Makoun","Midfielder",30
"Thiago Alcantara","Midfielder",30
"Raul Meireles","Midfielder",30
"Taye Taiwo","Defender",30
"Walter Baseggio","Midfielder",30
"Rafael van der Vaart","Midfielder",30
"Eduardo Salvio","Midfielder",30
"Andrea Barzagli","Defender",30
"Kieran Gibbs","Defender",30
"Aleksandr Volodko","Midfielder",30
"Ray Parlour","Midfielder",30
"Owen Hargreaves","Midfielder",30
"Joan Capdevila","Defender",30
"Javi Martinez","Defender",30
"Julian Draxler","Midfielder",30
"Alejandro Dominguez","Midfielder",30
"Peter Ofori-Quaye","Forward",30
"Jan Vennegoor of Hesselink","Forward",30
"Sonny Anderson","Forward",29
"Gregory van der Wiel","Defender",29
"Tomas Galasek","Midfielder",29
"Felipo Melo","Midfielder",29
"Kostas Katsouranis","Midfielder",29
"Vincent Candela","Defender",29
"Rene Henriksen","Defender",29
"Jorn Jamtfull","Goalkeeper",29
"Bernd Leno","Goalkeeper",29
"Joe Hart","Goalkeeper",29
"Johan Micoud","Midfielder",29
"Gabriel Heinze","Defender",29
"Bertrand Crasson","Defender",29
"Jens Nowotny","Defender",29
"Ruben Baraja","Midfielder",29
"Michal Zewlakow","Defender",29
"Jan Derek Sorensen","Forward",29
"Martin Keown","Defender",29
"Ljubomir Fejsa","Midfielder",29
"Yves Vanderhaeghe","Midfielder",29
"Francisco Pavon","Defender",29
"Patrick Muller","Midfielder",29
"Mario Mandzukic","Forward",29
"Frode Johnsen","Forward",29
"Claudio Marchisio","Midfielder",29
"Antonio Conte","Midfielder",29
"Santi Cazorla","Midfielder",29
"Fatih Akyel","Defender",29
"Marco Simone","Forward",29
"Igor Tudor","Defender",29
"Kerimoglu Tugay","Midfielder",29
"Christian Poulsen","Midfielder",29
"Mateo Kovacic","Midfielder",29
"Seydou Doumbia","Forward",29
"Dries Mertens","Midfielder",29
"Philippe Coutinho","Midfielder",29
"Simone Inzaghi","Forward",29
"Carlos Tevez","Forward",29
"Gerard","Midfielder",29
"Dennis Rommedahl","Forward",29
"Andrey Arshavin","Forward",29
"Alvaro Morata","Forward",29
"Theo Lucius","Defender",29
"Helder Postiga","Forward",29
"Mario Fernandes","Defender",28
"Bjorn Otto Bragstad","Defender",28
"Emerson","Midfielder",28
"Andre Ooijer","Defender",28
"Casemiro","Midfielder",28
"Ramiz Mamedov","Defender",28
"Jorg Heinrich","Defender",28
"Fernando Redondo","Midfielder",28
"Alexandr Anyukov","Defender",28
"Miroslav Klose","Forward",28
"Henning Berg","Defender",28
"Ronaldo","Forward",28
"Andriy Yarmolenko","Forward",28
"Pontus Wernbloom","Forward",28
"Rafael Marquez (Mex)","Defender",28
"Giuseppe Pancaro","Defender",28
"Sergio","Midfielder",28
"Savio","Forward",28
"Pablo Aimar","Midfielder",28
"Ibrahim Afellay","Midfielder",28
"Ramires","Midfielder",28
"Paulo Ferreira","Defender",28
"Burak Yilmaz","Forward",28
"Joshua Kimmich","Midfielder",28
"Selcuk Inan","Midfielder",28
"Karel Poborsky","Midfielder",28
"Paulo Sergio","Forward",28
"Steve McManaman","Midfielder",28
"Fernando Llorente","Forward",28
"Nemanja Vidic","Defender",27
"Dmitri Parfionov","Defender",27
"Aleksandr Filimonov","Goalkeeper",27
"Laurent Koscielny","Defender",27
"Yuri Kovtun","Defender",27
"Vladimir Labant","Defender",27
"Paul Bosvelt","Midfielder",27
"Marcel Schmelzer","Defender",27
"Filipe Luis","Defender",27
"Jorge Andrade","Defender",27
"Zlatko Zahovic","Forward",27
"Marek Hamsik","Midfielder",27
"Yuri Zhirkov","Midfielder",27
"Jocelyn Angloma","Defender",27
"Fernandez Gabi","Midfielder",27
"Marek Kincl","Forward",27
"Eliaquim Mangala","Defender",27
"Stale Stensaas","Defender",27
"Sebastian Kehl","Midfielder",27
"David Villa","Forward",27
"Jadson","Midfielder",27
"Marcus Rosenberg","Forward",27
"Gabriel Batistuta","Forward",27
"Anderson","Midfielder",27
"Yildiray Basturk","Midfielder",27
"Evgeni Aldonin","Midfielder",27
"Dwight Yorke","Forward",27
"Chris Sutton","Forward",27
"Paulo Dybala","Forward",27
"Lukas Zelenka","Midfielder",27
"Hamit Altintop","Midfielder",27
"Aldo Duscher","Midfielder",27
"Alex Oxlade-Chamberlain","Midfielder",27
"Juan Sanchez","Forward",27
"Jurica Vranjes","Midfielder",27
"Hugo Almeida","Forward",27
"Arnold Bruggink","Forward",27
"Andrei Tikhonov","Midfielder",26
"Robson Luis","Forward",26
"Ivan Marcano","Defender",26
"Jan Vertonghen","Defender",26
"Pascal Zuberbuhler","Goalkeeper",26
"Heurelho Gomes","Goalkeeper",26
"Martin Hasek","Defender",26
"Barry Ferguson","Midfielder",26
"Juanfran","Defender",26
"Steven N'Zonzi","Midfielder",26
"Lars Bender","Midfielder",26
"Jardel","Defender",26
"Philiippe Violeau","Midfielder",26
"Luis Antonio Valencia","Midfielder",26
"Yoann Gourcuff","Midfielder",26
"Christian Vieri","Forward",26
"Christos Patsatzoglou","Midfielder",26
"Shinji Kagawa","Midfielder",26
"Adrian Ilie","Forward",26
"Luis Garcia","Forward",26
"Kevin De Bruyne","Midfielder",26
"Aiden McGeady","Midfielder",26
"Miguel Veloso","Defender",26
"Urby Emanuelson","Defender",26
"Geremi","Midfielder",26
"Aitor Karanka","Defender",26
"Sofiane Feghouli","Midfielder",26
"Siem De Jong","Midfielder",26
"Klass - Jan Huntelaar","Forward",26
"Juliano Belletti","Defender",26
"Gabri","Midfielder",26
"Adrien Rabiot","Midfielder",26
"Vicente","Midfielder",26
"Xherdan Shaqiri","Midfielder",26
"Thomas Brdaric","Forward",26
"Stefan Effenberg","Midfielder",25
"Souleymane Diawara","Defender",25
"Albert Ferrer","Defender",25
"Sotiris Kyrgiakos","Defender",25
"Panagiotis Fyssas","Defender",25
"Rui Patricio","Goalkeeper",25
"Peter Schmeichel","Goalkeeper",25
"Roberto Gago","Goalkeeper",25
"Marco Reus","Midfielder",25
"Peter Luccin","Midfielder",25
"Dmytro Chygrynskiy","Defender",25
"Mikel Arteta","Midfielder",25
"Ernest Faber","Defender",25
"Roman Weidenfeller","Goalkeeper",25
"Ricardo Costa","Defender",25
"Anthony Vanden Borre","Defender",25
"Francesco Coco","Defender",25
"Christian Karembeu","Defender",25
"Domenico Criscito","Defender",25
"Claudio Lopez","Forward",25
"Abelardo","Defender",25
"Maxime Gonalons","Midfielder",25
"Bruno Alves","Defender",25
"Marat Izmailov","Midfielder",25
"Deividas Semberas","Defender",25
"Tomasz Rzasa","Defender",25
"Donato","Midfielder",25
"Dmitri Ananko","Defender",25
"Vasilis Torosidis","Defender",25
"Zoran Tosic","Midfielder",25
"Fabinho","Defender",25
"Marouane Chamakh","Forward",25
"Sergio Roberto","Midfielder",25
"Pablo Zabaleta","Defender",25
"Leonidas Vokolos","Defender",25
"Jonas Goncalves","Forward",25
"Stefan Kiessling","Forward",25
"Marlos","Forward",25
"Daniel Jensen","Forward",25
"Tim Borowski","Defender",25
"Juan Cuadrado","Midfielder",25
"Kevin-Prince Boateng","Midfielder",25
"Antonio Cassano","Forward",25
"Diogo Rincon","Midfielder",25
"Eidur Gudjohnsen","Forward",25
"Ezequiel Ivan Lavezzi","Forward",25
"Obafemi Martins","Forward",25
"Albert Luque","Forward",25
"Mario Balotelli","Forward",25
"Marcelo Salas","Forward",25
"Pedro Munitis","Forward",25
"Georgi Milanov","Midfielder",25
"Gheorghe Hagi","Midfielder",24
"Mikael Nilsson","Defender",24
"Aurelien Chedjou","Midfielder",24
"Bart Goor","Defender",24
"Vladimir Maminov","Midfielder",24
"Markus Schupp","Midfielder",24
"Mikael Lustig","Defender",24
"Rustu Recber","Goalkeeper",24
"Anthony Lopes","Goalkeeper",24
"Yann Sommer","Goalkeeper",24
"Neil Lennon","Midfielder",24
"Silvio Proto","Goalkeeper",24
"Miguel Nuno Morais","Forward",24
"Diego Placente","Defender",24
"Felipe","Defender",24
"Dejan Lovren","Defender",24
"Roberto Ayala","Defender",24
"Danilo Pereira","Defender",24
"Sven Bender","Midfielder",24
"Ricardo van Rhijn","Defender",24
"Kwadwo Asamoah","Forward",24
"Dede","Midfielder",24
"Paulo Assuncao","Midfielder",24
"Yacine Brahimi","Forward",24
"Sinesa Mihajlovic","Defender",24
"Tomica Kocijan","Midfielder",24
"Hannu Tihinen","Defender",24
"Thomas Vermaelen","Defender",24
"Pep Guardiola","Midfielder",24
"Frederic Dehu","Defender",24
"Dario Simic","Defender",24
"Kirill Nababkin","Defender",24
"Emre Asik","Defender",24
"Marc Bartra","Defender",24
"Alberto Gilardino","Forward",24
"Bibras Natcho","Midfielder",24
"Sulley Muntari","Midfielder",24
"Gilles Grimandi","Defender",24
"Michael Owen","Forward",24
"Zvonimar Boban","Midfielder",24
"Francis Coquelin","Midfielder",24
"Daniel Saric","Defender",24
"Lorenzo Insigne","Forward",24
"Rodrigo Moreno","Forward",24
"Oscar Cardozo","Forward",24
"Mirko Vucinic","Forward",24
"Andre Schurrle","Forward",24
"Alin Stoica","Midfielder",24
"Rui Barros","Midfielder",24
"Kevin Gameiro","Forward",24
"Vincenzo Montella","Forward",24
"Andreas Moller","Midfielder",23
"Marco Streller","Forward",23
"Ismaily","Defender",23
"Costinha","Midfielder",23
"Alex Telles","Defender",23
"Viktor Bulatov","Midfielder",23
"Thibaut Courtois","Goalkeeper",23
"Thomas Ravelli","Goalkeeper",23
"Lothar Matthaus","Defender",23
"Keylor Navas","Goalkeeper",23
"Jaromir Blazek","Goalkeeper",23
"Sebastiano Rossi","Goalkeeper",23
"Christian Worns","Defender",23
"Juan Bernat","Defender",23
"Markus Babbel","Defender",23
"Georgios Seitaridis","Defender",23
"Christoph Metzelder","Defender",23
"Hatem Trabelsi","Defender",23
"Petit","Midfielder",23
"Gary Cahill","Defender",23
"Roman Eremenko","Defender",23
"Daniel Carvajal","Defender",23
"Ibrahim Uzulmez","Midfielder",23
"Jonathan Zebina","Midfielder",23
"Georgios Amanatidas","Defender",23
"Bjorn Tore Kvarme","Defender",23
"Joachim Bjorklund","Defender",23
"Taulant Xhaka","Defender",23
"Grzegorz Krychowiak","Midfielder",23
"Pascal Cygan","Defender",23
"Elvir Rahimic","Midfielder",23
"Junior Moraes","Forward",23
"Ever Banega","Midfielder",23
"Simone Perrotta","Midfielder",23
"Paraskevas Antzas","Defender",23
"Manolo Sanchis","Defender",23
"Silvinho","Defender",23
"Anastasios Pantos","Defender",23
"Mohamed Sissoko","Midfielder",23
"Teddy Sheringham","Forward",23
"Artem Bezrodny","Forward",23
"Nacho","Defender",23
"Cristian Rodriguez","Midfielder",23
"Mario Gomez","Forward",23
"Goran Pandev","Forward",23
"Bernardo Silva","Midfielder",23
"Jose Antonio Reyes","Forward",23
"Serhiy Federov","Defender",23
"Loic Remy","Forward",23
"Emmanuel Adebayor","Forward",23
"Jose Amavisca","Midfielder",23
"Bernard","Midfielder",23
"Silvestre Varela","Forward",23
"Ivan Perisic","Midfielder",23
"Angel Correa","Forward",23
"Joonas Kolkka","Forward",23
"Umut Bulut","Forward",23
"Aaron Hunt","Midfielder",23
"Frank Baumann","Defender",22
"Radja Nainggolan","Midfielder",22
"Kalidou Koulibaly","Defender",22
"Manuel Pablo","Defender",22
"Artur Moraes","Goalkeeper",22
"Jurgen Kohler","Defender",22
"Olaf Mellberg","Defender",22
"Kees van Wonderen","Defender",22
"Ulrich Rame","Goalkeeper",22
"Omar Elabdellaoui","Midfielder",22
"Patrick Paauwe","Midfielder",22
"Igor Denisov","Midfielder",22
"Luuk De Jong","Forward",22
"Gert Verheyen","Midfielder",22
"Sokratis Papastathopoulos","Defender",22
"Paulo Sousa","Midfielder",22
"Vitali Kossovsky","Defender",22
"Steven Pienaar","Midfielder",22
"Stephen Lichtsteiner","Defender",22
"Raul Bravo","Defender",22
"Francisco Lima","Midfielder",22
"Corentin Tolisso","Midfielder",22
"Ahmed Musa","Midfielder",22
"Joaquin","Midfielder",22
"Daniel Parejo","Midfielder",22
"Oscar","Midfielder",22
"Radamel Falcao","Forward",22
"Nuno Gomes","Forward",22
"Gonzalo Castro","Midfielder",22
"Bent Inge Johnsen","Defender",22
"Daniele Bonera","Defender",22
"Claudio Cacapa","Defender",22
"Krzysztof Warzycha","Forward",22
"Fred","Midfielder",22
"Alberto Aquilani","Midfielder",22
"Gyorgy Korsos","Midfielder",22
"Allan","Midfielder",22
"Pierre Emerick Aubameyang","Forward",22
"Lasse Schone","Midfielder",22
"Aruna Dindane","Forward",22
"Artem Milevskiy","Forward",22
"Viktor Fayzulin","Midfielder",22
"Alessandro Florenzi","Midfielder",22
"Lukas Podolski","Forward",22
"Bruno Cesar","Midfielder",22
"Andreas Samaris","Midfielder",22
"Heiko Herrlich","Forward",22
"Rodrigo Lima","Forward",22
"David Pizarro","Midfielder",22
"Domingos","Forward",22
"Jesper Gronkjaer","Midfielder",22
"Hatem Ben Arfa","Midfielder",22
"Julian Brandt","Midfielder",22
"Bojan Krkic","Forward",22
"Daniel Sturridge","Forward",22
"Alex Souza","Midfielder",21
"Ilya Tsymbalar","Forward",21
"Dmitri Loskov","Midfielder",21
"Tonel","Defender",21
"Aly Cissokho","Defender",21
"Lee Dixon","Defender",21
"Glen de Boeck","Defender",21
"Arni Gautur Arason","Goalkeeper",21
"Fabian Ernst","Midfielder",21
"Enzo Perez","Midfielder",21
"Ederson","Goalkeeper",21
"Matthieu Chalme","Defender",21
"Oscar Wendt","Defender",21
"Roman Burki","Goalkeeper",21
"Evgen Khacheridi","Defender",21
"Loukas Vyntra","Defender",21
"Ricardo","Goalkeeper",21
"Behrang Safari","Defender",21
"Fabien Frei","Midfielder",21
"Sebastian Perez","Defender",21
"Julien Rodriguez","Defender",21
"Nelson Semedo","Defender",21
"Maicon","Defender",21
"Jeremy Mathieu","Defender",21
"Besnik Hasi","Midfielder",21
"Domagoj Vida","Defender",21
"Stylianos Venetidis","Defender",21
"Mapou Yanga-Mbiwa","Defender",21
"Vincent Aboubakar","Forward",21
"Jackson Martinez","Forward",21
"Alou Diarra","Midfielder",21
"Riccardo Montolivo","Midfielder",21
"Hector","Defender",21
"Evanilson","Midfielder",21
"Diego Costa","Forward",21
"Laurent Robert","Forward",21
"Capone","Defender",21
"Fabio Coentrao","Defender",21
"Jose Holebas","Defender",21
"Andres Fleurquin","Midfielder",21
"Thomas Delaney","Midfielder",21
"Dirk Kuyt","Forward",21
"Jonny Evans","Defender",21
"Joel Matip","Defender",21
"Vikash Dhorasoo","Midfielder",21
"Carlos Marchena","Defender",21
"Olivier Giroud","Forward",21
"Yannick Carrasco","Midfielder",21
"Igor Duljaj","Midfielder",21
"Miralem Sulejmani","Forward",21
"Steven Defour","Midfielder",21
"Yiannakis Okkas","Forward",21
"Djibril Cisse","Forward",21
"David Fuster","Midfielder",21
"Fabio Rochemback","Midfielder",21
"Edu","Midfielder",21
"Quinton Fortune","Midfielder",21
"Alekos Alexandris","Forward",21
"Jesus Manuel Corona","Midfielder",21
"Haris Seferovic","Forward",21
"Eduardo da Silva","Forward",21
"Alvaro Recoba","Forward",21
"Javier Pastore","Defender",21
"Goran Vlaovic","Forward",21
"Ulf Kirsten","Forward",20
"Vagner Love","Forward",20
"Niklas Moisander","Defender",20
"Alex Grimaldo","Defender",20
"Adil Rami","Defender",20
"Francesco Antonioli","Goalkeeper",20
"Neven Subotic","Defender",20
"Jacob Lekcetho","Defender",20
"Diego Benaglio","Goalkeeper",20
"Mickael Landreau","Goalkeeper",20
"Claudio Taffarel","Goalkeeper",20
"Olivier Dacourt","Midfielder",20
"Gunther Neukirchner","Defender",20
"Jean-Paul van Gastel","Midfielder",20
"Giannis Maniatis","Defender",20
"Dmitri Sennikov","Defender",20
"Taras Mykhalyk","Defender",20
"Atsuto Uchida","Defender",20
"Miroslav Djukic","Defender",20
"Jeremy Morel","Defender",20
"Yevgeni Bushmanov","Defender",20
"Morgan De Sanctis","Goalkeeper",20
"Semih Kaya","Defender",20
"Eliseu","Midfielder",20
"Kevin Grosskreutz","Midfielder",20
"Patrik Andersson","Defender",20
"Fabio Grosso","Defender",20
"Clemens Fritz","Midfielder",20
"Philippe Christanval","Defender",20
"Iulian Filipescu","Defender",20
"Alan Smith","Forward",20
"Christian Nerlinger","Midfielder",20
"Marko Marin","Midfielder",20
"Youri Tielemans","Midfielder",20
"Miguel Angel Nadal","Defender",20
"Peter Crouch","Forward",20
"Henrik Larsson","Forward",20
"Adrian Mutu","Forward",20
"Luc Nilis","Forward",20
"Christian Pulisic","Midfielder",20
"Lucas Digne","Defender",20
"Sabri Sarioglu","Midfielder",20
"Mathieu Debuchy","Defender",20
"Ilias Poursanidis","Midfielder",20
"Moussa Dembele","Forward",20
"Pantelis Kafes","Midfielder",20
"Jermaine Jones","Midfielder",20
"Jerko Leko","Midfielder",20
"Ignazio Abate","Defender",20
"Umit Karan","Forward",20
"Anthony Martial","Midfielder",20
"Oleg Shatov","Midfielder",20
"Ovidiu Petre","Midfielder",20
"Konstantin Zyryanov","Midfielder",20
"Ayhan Akman","Midfielder",20
"Ciprian Marica","Forward",20
"Fabio Aurelio","Defender",20
"Thomas Lemar","Midfielder",20
"Stefano Fiore","Midfielder",20
"Piotr Zielinski","Midfielder",20
"Oleguer","Defender",20
"Carlos Vela","Forward",20
"Hugo Viana","Midfielder",20
"Dani Garcia","Forward",20
"Florin Cernat","Midfielder",20
"Peter van Vossen","Forward",20
"Nicklas Bendtner","Forward",20
"Sebastian Giovinco","Midfielder",20
"Marcelo Zalayeta","Forward",20
"Andreas Niniadis","Midfielder",20
"Harry Kane","Forward",19
"Markus Schopp","Midfielder",19
"Juan","Defender",19
"Ayila Yussuf","Defender",19
"Ivica Vastic","Forward",19
"Nicolas Pareja","Defender",19
"Holger Badstuber","Defender",19
"Miguel","Defender",19
"Ulrich van Gobbel","Defender",19
"Ruud Hesp","Goalkeeper",19
"Andreas Reinke","Goalkeeper",19
"Manuel Almunia","Goalkeeper",19
"Sergio Rico","Goalkeeper",19
"Dianbobo Balde","Defender",19
"Tomas Postulka","Goalkeeper",19
"Bernt Haas","Defender",19
"Steve Marlet","Forward",19
"Stephen McManus","Defender",19
"Radoslav Kovac","Midfielder",19
"Cesar","Defender",19
"Rui Jorge","Defender",19
"Damiano Tommasi","Midfielder",19
"Jean-Alain Boumsong","Defender",19
"Sergio Porrini","Defender",19
"Volkan Demirel","Goalkeeper",19
"Roman Shirokov","Midfielder",19
"Jose Maria Gimenez","Defender",19
"Vadim Evseev","Defender",19
"Gilbert Prilasnig","Defender",19
"Stefano Denswil","Defender",19
"Steve Finnan","Defender",19
"Stefan Lindqvist","Midfielder",19
"Ronny Johnsen","Defender",19
"Flavio Conceicao","Midfielder",19
"Mathieu Bodmer","Midfielder",19
"Matteo Ferrari","Defender",19
"Andres Palop","Goalkeeper",19
"Alen Boksic","Forward",19
"Marco Di Vaio","Forward",19
"Milos Krasic","Midfielder",19
"Kevin Kampl","Midfielder",19
"Thomas","Midfielder",19
"Wayne Bridge","Defender",19
"Paulo Negro","Defender",19
"Dante","Defender",19
"Magnus Johansson","Defender",19
"Arda Turan","Midfielder",19
"Raul Garcia","Midfielder",19
"Sebastian Deisler","Midfielder",19
"Vladimir Smicer","Midfielder",19
"Andy van der Meyde","Midfielder",19
"Ruslan Pimenov","Forward",19
"Cristiano Zanetti","Midfielder",19
"Leandro Salino","Midfielder",19
"Kylian Mbappe","Forward",19
"Franco Cervi","Midfielder",19
"Roberto Sensini","Midfielder",19
"Nicolas Burdisso","Defender",19
"Yossi Benayoun","Midfielder",19
"Aleksandr Ryazantsev","Midfielder",19
"Mariano","Defender",19
"Mahmoud Dahoud","Midfielder",19
"Benni McCarthy","Forward",19
"Lassana Diarra","Midfielder",19
"Scott Chipperfield","Forward",19
"Maksim Buznikin","Forward",19
"Ilsinho","Defender",19
"Moussa Sissoko","Midfielder",19
"Eren Derdiyok","Forward",19
"Viktor Kovalenko","Midfielder",19
"Alvaro Negredo","Forward",19
"Emile Heskey","Forward",18
"Vladimir Beschastnykh","Forward",18
"Laurent Blanc","Defender",18
"Christian Noboa","Midfielder",18
"Mancini","Forward",18
"Arthur Numan","Defender",18
"Ricardo Sousa Cadu","Defender",18
"Lorik Cana","Midfielder",18
"Tayfur Havutcu","Midfielder",18
"Hector Moreno","Defender",18
"Cristian Ansaldi","Defender",18
"Viacheslav Shevchuk","Defender",18
"Marcelo Brozovic","Midfielder",18
"Badr El Kaddouri","Midfielder",18
"Jorge Fucile","Defender",18
"Virgil van Dijk","Defender",18
"Roman Neustadter","Defender",18
"Didier Zokora","Midfielder",18
"Artur Boruc","Goalkeeper",18
"Viacheslav Malafeev","Goalkeeper",18
"Lionel Letizi","Goalkeeper",18
"Eric Deflandre","Defender",18
"Tomas Vaclik","Goalkeeper",18
"Tim Wiese","Goalkeeper",18
"Alvaro Pereira","Midfielder",18
"Winston Bogarde","Defender",18
"Edison Mendez","Midfielder",18
"Jasper Cillessen","Goalkeeper",18
"Enoch Adu","Midfielder",18
"Johan Wiland","Goalkeeper",18
"Allan McGregor","Goalkeeper",18
"Salvatore Sirigu","Goalkeeper",18
"Hakan Calhanoglu","Midfielder",18
"Danny Murphy","Midfielder",18
"Serge Aurier","Defender",18
"Sasa Ilic","Midfielder",18
"Sylvain Armand","Defender",18
"Stilian Petrov","Midfielder",18
"Tomas Hubocan","Defender",18
"Kenny Miller","Forward",18
"Hans Vanaken","Midfielder",18
"Lilian Laslandes","Forward",18
"Nico Kovac","Midfielder",18
"Christian Fuchs","Defender",18
"Moreno Torricelli","Defender",18
"Laurent Bonnart","Defender",18
"Andrea Raggi","Defender",18
"Marcelo","Defender",18
"Roberto Soldado","Forward",18
"Roberto Firmino","Midfielder",18
"Gervinho","Forward",18
"Steffen Iversen","Forward",18
"Vassilios Tsiartas","Midfielder",18
"Paulo Machado","Midfielder",18
"Albert Riera","Midfielder",18
"Petr Gabriel","Defender",18
"Benjamin Huggel","Midfielder",18
"Miroslav Baranek","Midfielder",18
"Eric Dier","Midfielder",18
"Ciriaco Sforza","Midfielder",18
"Alan","Forward",18
"Sergei Semak","Midfielder",18
"Georginio Wijnaldum","Midfielder",18
"Granit Xhaka","Midfielder",18
"Thomas Helveg","Defender",18
"Marek Cech","Defender",18
"Harry Winks","Midfielder",18
"Adriano","Forward",18
"Anderson Talisca","Midfielder",18
"Andre Ayew","Forward",18
"Jack Wilshere","Midfielder",18
"Nikolai Pisarev","Forward",18
"Bonaventure Kalou","Forward",18
"Maksym Kalynychenko","Midfielder",18
"Federico Giunti","Midfielder",18
"Hannes Reinmayr","Forward",18
"William Kvist","Midfielder",18
"Carlos Paredes","Midfielder",18
"Aleksandr Kerzhakov","Forward",18
"Mikael Martinsson","Forward",18
"Matias Almeyda","Midfielder",18
"Matias Delgado","Midfielder",18
"Pascal Ojigwe","Midfielder",18
"Hossam Mido","Midfielder",18
"James Forrest","Forward",18
"Darko Kovacevic","Forward",18
"John de Jong","Forward",18
"Lucas Vazquez","Midfielder",18
"Mert Nobre","Forward",18
"Vegard Heggem","Forward",18
"Lucas Leiva","Midfielder",18
"Pantelis Kapetanos","Forward",18
"Jan Simak","Midfielder",18
"Horst Siegl","Forward",18
"Andre Gomes","Midfielder",18
"Harry Kewell","Forward",18
"Laurentiu Rosu","Midfielder",18
"Sigurd Rushfeldt","Forward",17
"Mamadou Niang","Forward",17
"Magnus Erlingmark","Midfielder",17
"Dele Alli","Midfielder",17
"Dmitri Khokhlov","Midfielder",17
"Predrag Mijatovic","Forward",17
"Claudemir","Midfielder",17
"Anderson Polga","Defender",17
"Atiba Hutchinson","Midfielder",17
"Leo","Defender",17
"Dudu Cearense","Midfielder",17
"William Carvalho","Midfielder",17
"Mehmet Aurelio","Midfielder",17
"Franco Baresi","Defender",17
"Robin Olsen","Goalkeeper",17
"Jemerson","Defender",17
"Kyriakos Karataidis","Defender",17
"Bert Konterman","Defender",17
"Cesar Navas","Defender",17
"David Weir","Defender",17
"Carlos Salcido","Defender",17
"Doni","Goalkeeper",17
"Dionisis Chiotis","Goalkeeper",17
"Jeroen Zoet","Goalkeeper",17
"Emil Forsberg","Forward",17
"Vratislav Lokvenc","Forward",17
"Goncalo Guedes","Forward",17
"Thomas Helmer","Defender",17
"Ionut Rada","Defender",17
"Karim Bellarabi","Midfielder",17
"Ognjen Vukojevic","Midfielder",17
"Massimo Oddo","Defender",17
"Serkan Balci","Midfielder",17
"Derlis Gonzalez","Forward",17
"Derlei","Forward",17
"Maniche","Midfielder",17
"Dennis Praet","Midfielder",17
"Wendel","Midfielder",17
"Marco Cassetti","Defender",17
"Jordan Henderson","Midfielder",17
"Fernando","Midfielder",17
"Benoit Pedretti","Midfielder",17
"Eder Alvarez Balanta","Defender",17
"Dusko Tosic","Defender",17
"Peter Lovenkrands","Forward",17
"Valentin Stocker","Midfielder",17
"Rastislav Michalik","Midfielder",17
"Rodrigo Tello","Midfielder",17
"Julian Weigl","Midfielder",17
"Eder","Forward",17
"Artyom Dzyuba","Forward",17
"Bafetimbi Gomis","Forward",17
"Bas Dost","Forward",17
"Luca Zuffi","Midfielder",17
"Julio Cesar","Defender",17
"Bulent Akin","Midfielder",17
"Jose Manuel Jurado","Midfielder",17
"Vitolo","Midfielder",17
"Mehdi Benatia","Defender",17
"Igor Biscan","Midfielder",17
"Damien Duff","Midfielder",17
"Christian Brocchi","Midfielder",17
"Fabrizio Ravanelli","Forward",17
"Georgios Georgiadis","Midfielder",17
"Ashley Young","Midfielder",17
"Emre Can","Midfielder",17
"Dmitri Alenichev","Midfielder",17
"Ivica Olic","Forward",17
"Pablo Sarabia","Midfielder",17
"Josef Obajdin","Forward",17
"Maxwell Cornet","Forward",17
"Nelson Haedo-Valdez","Forward",17
"Olexandr Gladkiy","Forward",17
"Alan Shearer","Forward",16
"Rolando","Defender",16
"Dorin Goian","Defender",16
"Kamil Glik","Defender",16
"Lee McCulloch","Midfielder",16
"Daniel Prodan","Defender",16
"Dzyanis Palyakow","Defender",16
"Kevin Hofland","Defender",16
"Pontus Kamark","Defender",16
"Victor Onopko","Defender",16
"Gael Givet","Defender",16
"Stefan Savic","Defender",16
"David Abraham","Defender",16
"Clement Lenglet","Defender",16
"Wendell","Defender",16
"Dmitri Kombarov","Midfielder",16
"Didier Agathe","Forward",16
"Manuel Akanji","Defender",16
"David Limbersky","Defender",16
"Yuto Nagatomo","Defender",16
"Quim","Goalkeeper",16
"Pavel Horvath","Midfielder",16
"Dany Verlinden","Goalkeeper",16
"Stephane Porato","Goalkeeper",16
"Gary Caldwell","Defender",16
"Gary Pallister","Defender",16
"Umit Ozat","Defender",16
"Andy Goram","Goalkeeper",16
"Daniel Zitka","Goalkeeper",16
"Tomas Repka","Defender",16
"Samuel Umtiti","Defender",16
"Jonathan Tah","Defender",16
"Alisson Becker","Goalkeeper",16
"Juri Lodigin","Goalkeeper",16
"Tiberiu Csik","Defender",16
"Sasa Papac","Defender",16
"Kevin Kuranyi","Forward",16
"Sadio Mane","Midfielder",16
"Michael Mols","Forward",16
"Jesper Blomqvist","Midfielder",16
"Serdar Tasci","Defender",16
"Aleksandr Golovin","Midfielder",16
"Dimitris Siovas","Midfielder",16
"Josip Pivaric","Defender",16
"Djimi Traore","Defender",16
"Dmitri Likhtarovich","Midfielder",16
"Alphonse Areola","Goalkeeper",16
"Jerry-Christian Tchuisse","Defender",16
"Memphis Depay","Midfielder",16
"Michel Bastos","Midfielder",16
"Vitali Rodionov","Forward",16
"Christian Wilhelmsson","Midfielder",16
"Aleksander Dragovic","Defender",16
"Jan Kromkamp","Defender",16
"Milan Petrzela","Midfielder",16
"Gonzalo Rodriguez","Defender",16
"Andrei Pyatnitsky","Midfielder",16
"Edu Dracana","Defender",16
"Wolfgang Feiersinger","Defender",16
"Mariosz Lewandowski","Midfielder",16
"Oliver Bierhoff","Forward",16
"Younes Belhanda","Midfielder",16
"Philip Haagdoren","Midfielder",16
"Mikhail Gordeichuk","Midfielder",16
"Emiliano Moretti","Defender",16
"Carlo Cudicini","Goalkeeper",16
"Ewerthon","Forward",16
"Eric Carriere","Forward",16
"Raphael Guerreiro","Defender",16
"Yssouf Kone","Forward",16
"Mario Basler","Midfielder",16
"Gokhan Inler","Midfielder",16
"Gaetan Englebert","Midfielder",16
"Nacho Monreal","Defender",16
"Odd Inge Olsen","Midfielder",16
"Betao","Defender",16
"Eyong Enoh","Midfielder",16
"Kingsley Coman","Midfielder",16
"Stephan El Shaaraway","Midfielder",16
"Alexandre Lacazette","Forward",16
"DaMarcus Beasley","Forward",16
"Daniele Massaro","Midfielder",16
"Phil Jones","Defender",16
"Daniel Braaten","Forward",16
"Nihat Kahveci","Forward",16
"Ivan Campo","Defender",16
"Moussa Dembele","Midfielder",16
"Nery Castillo","Forward",16
"Geovanni","Forward",16
"Hanno Balitsch","Midfielder",16
"Guillermo Amor","Midfielder",16
"Gaston Pereiro","Midfielder",16
"Attilio Lombardo","Midfielder",16
"Raul Jimenez","Forward",16
"Jakub Blaszczykowski","Midfielder",16
"Nolito","Forward",16
"Renato Sanches","Midfielder",16
"Jordi Cruyff","Midfielder",16
"Javier Portillo","Forward",16
"Romario","Forward",15
"Georgios Samaras","Forward",15
"Joao Pinto","Forward",15
"Richard Gough","Defender",15
"Mario Silva","Other",15
"Stefan Pettersson","Forward",15
"Selcuk Sahin","Midfielder",15
"Curro Torres","Defender",15
"Tony Adams","Defender",15
"Marco Caneira","Defender",15
"Banel Nicolita","Midfielder",15
"Andres Guardado","Forward",15
"Mikael Dorsin","Defender",15
"Cesar Sanchez","Goalkeeper",15
"Marcelo Bordon","Defender",15
"Gabriel Paulista","Defender",15
"Nicolas N'Koulou","Defender",15
"Jason Denayer","Defender",15
"Roberto Bonano","Goalkeeper",15
"Traianos Dellas","Defender",15
"Bogdan Lobont","Goalkeeper",15
"Franco Costanzo","Goalkeeper",15
"Maarten Stekelenburg","Goalkeeper",15
"Kazimierz Sidorczuk","Goalkeeper",15
"Birger Maertens","Defender",15
"Shay Given","Goalkeeper",15
"Wesley Sonck","Forward",15
"Romelu Lukaku","Forward",15
"Layvin Kurzawa","Defender",15
"Ivica Mornar","Forward",15
"Djibril Sidibe","Defender",15
"Kurt Zouma","Defender",15
"Arijan Ademi","Midfielder",15
"Fernando Menegazzo","Defender",15
"Timothee Atouba","Defender",15
"Paul Lambert","Midfielder",15
"Vidar Riseth","Midfielder",15
"Michal Hornak","Defender",15
"Guillaume Gillet","Midfielder",15
"Steven Whittaker","Defender",15
"Petar Stojanovic","Midfielder",15
"Andreas Christensen","Defender",15
"Emmanuel Petit","Midfielder",15
"Silvio Maric","Midfielder",15
"Fernando Navarro","Defender",15
"Danijel Subasic","Goalkeeper",15
"Oleg Pashinin","Defender",15
"Philippe Clement","Midfielder",15
"Enrico Chiesa","Forward",15
"Ousmane Dembele","Midfielder",15
"Ivan Ergic","Forward",15
"Denilson","Midfielder",15
"Kyle Walker","Defender",15
"Mattia De Sciglio","Defender",15
"Christian Maggio","Defender",15
"Gokhan Gonul","Defender",15
"Dimas","Defender",15
"Thomas Buffel","Midfielder",15
"Alexandre Pato","Forward",15
"Jeremy Menez","Forward",15
"John Stones","Defender",15
"Julio Cesar","Forward",15
"Pierre Laigle","Midfielder",15
"John Heitinga","Defender",15
"Nikolae Stanciu","Midfielder",15
"Joao Cancelo","Defender",15
"Goran Sablic","Defender",15
"Michael Zorc","Midfielder",15
"Yevhen Konoplyanka","Midfielder",15
"Ebbe Sand","Forward",15
"Ally McCoist","Forward",15
"Oyvind Storflor","Forward",15
"Mbo Mpenza","Forward",15
"Delvin N'Dinga","Midfielder",15
"Laslo Bodnar","Defender",15
"Tomasz Iwan","Midfielder",15
"Igor Smolinkov","Midfielder",15
"Athanasios Kostoulas","Defender",15
"Gennadiy Nizhegorodov","Defender",15
"Enzo Maresca","Midfielder",15
"Edgar Olekhnovich","Midfielder",15
"Peter Eriksson","Midfielder",15
"Abdul Kader Keita","Forward",15
"Rafik Djebbour","Forward",15
"Stephen Appiah","Midfielder",15
"Manuel Fernandes","Midfielder",15
"Andreas Ottl","Midfielder",15
"Tony Vairelles","Forward",15
"Aritz Aduriz","Forward",15
"Dimitri Payet","Midfielder",15
"Vladimir Bystrov","Midfielder",15
"Cristian Tello","Forward",15
"Bino","Midfielder",15
"Serhat Akin","Forward",15
"Ilija Ivic","Forward",15
"Joel Campbell","Forward",15
"Oliver","Midfielder",15
"Antonio Folha","Midfielder",15
"Marcio Mixirica","Forward",15
"Liedson","Forward",14
"Hilton","Defender",14
"Craig Moore","Defender",14
"Jose Gaya","Defender",14
"Olivier De Cock","Defender",14
"Luca Marchegiani","Goalkeeper",14
"Matija Nastasic","Defender",14
"Petre Marin","Defender",14
"Mladen Krstajic","Defender",14
"Franck Jurietti","Defender",14
"Kenneth Vermeer","Goalkeeper",14
"Fernando Mendes","Defender",14
"Pape Diakhate","Defender",14
"Lee Naylor","Defender",14
"Milan Borjan","Goalkeeper",14
"Davinson Sanchez","Defender",14
"Stephane Henchoz","Defender",14
"Simon Rolfes","Midfielder",14
"Alan Thompson","Midfielder",14
"John Hartson","Forward",14
"Ruud Vormer","Midfielder",14
"Daniel Kolar","Midfielder",14
"Rodrigo Taddei","Midfielder",14
"Marc Vivien Foe","Midfielder",14
"Gregory Tafforeau","Defender",14
"Jorrit Hendrix","Midfielder",14
"Andreas Zikos","Midfielder",14
"Brahim Hemdani","Midfielder",14
"Ricardo Rocha","Defender",14
"Kasper Bogelund","Defender",14
"Diego Lopez","Goalkeeper",14
"David Ospina","Goalkeeper",14
"Daniel Schwaab","Defender",14
"David Batty","Midfielder",14
"Riyad Mahrez","Midfielder",14
"Tino Costa","Midfielder",14
"Gustavo Manduca","Midfielder",14
"Marcos Senna","Midfielder",14
"Trent Alexander-Arnold","Defender",14
"Gelson Martins","Forward",14
"Giulio Donati","Defender",14
"Julien Escude","Defender",14
"Nasief Morris","Defender",14
"Mehrdad Minavand","Midfielder",14
"Fernando Gago","Midfielder",14
"Michalis Kapsis","Defender",14
"Carlos Chainho","Midfielder",14
"Roberto Hilbert","Midfielder",14
"Marek Spilar","Defender",14
"Rio Mavuba","Midfielder",14
"Elseid Hisaj","Defender",14
"Gabriel Jesus","Forward",14
"Danny Welbeck","Forward",14
"Lacina Traore","Forward",14
"Paco Alcacer","Forward",14
"Edmilson","Midfielder",14
"Sacha Kljestan","Midfielder",14
"Derk Boerrigter","Forward",14
"Martin Caceres","Defender",14
"Joao Manuel Pinto","Defender",14
"Igor Mitrevski","Defender",14
"Georgi Peev","Midfielder",14
"Mauro Tassotti","Defender",14
"Johan Djourou","Defender",14
"Luis Fabiano","Forward",14
"Marko Babic","Midfielder",14
"Sergen Yalcin","Midfielder",14
"Jorg Albertz","Midfielder",14
"Marco Delvecchio","Forward",14
"Tomas Jun","Forward",14
"Richard Witschge","Midfielder",14
"Florin Lovin","Midfielder",14
"Arkadiusz Milik","Forward",14
"Marco Borriello","Forward",14
"Boubacar Sanogo","Forward",14
"Andriy Vorobey","Forward",14
"Danko Lazovic","Forward",14
"Eric Djemba-Djemba","Midfielder",14
"Jimmy Algerino","Defender",14
"Bruma","Midfielder",14
"Jason Culina","Midfielder",14
"David Linares","Midfielder",14
"Davor Suker","Forward",14
"Ivan Klasnic","Forward",14
"Julio Baptista","Forward",14
