"Matches Played","Club Name","Won","Drawn","Lost","Goals For","Goals Against"
32,"Real Madrid","18","4","10","63",38
34,"Barcelona","16","10","8","56",34
34,"Bayern Munich","16","9","9","55",43
28,"Manchester United","12","7","9","44",34
18,"Chelsea","9","3","6","33",29
14,"Liverpool","9","3","2","30",17
24,"Juventus","8","9","7","26",23
14,"AC Milan","7","5","2","20",13
10,"AFC Ajax","5","4","1","15",8
12,"Borussia Dortmund","5","2","5","13",15
12,"Internazionale","4","1","7","10",17
12,"Arsenal","3","5","4","16",17
8,"AS Monaco","3","3","2","12",10
8,"Valencia","3","1","4","11",10
10,"Atletico Madrid","3","4","3","10",9
12,"FC Porto","2","4","6","13",25
10,"Paris Saint-Germain","2","4","4","12",16
6,"Deportivo La Coruna","2","-","4","9",12
6,"Manchester City","2","1","3","8",11
4,"FC Schalke 04","2","-","2","7",5
6,"AS Roma","2","-","4","7",15
4,"Galatasaray SK","2","-","2","6",10
4,"Panathinaikos","2","1","1","5",3
8,"Olympique Lyonnais","1","3","4","8",11
4,"Bayer Leverkusen","1","1","2","5",7
4,"Dynamo Kyiv","1","2","1","5",6
2,"FC Nantes","1","1","-","4",2
4,"Tottenham Hotspur","1","-","3","4",9
2,"Leeds United","1","-","1","3",2
2,"SS Lazio","1","-","1","3",5
4,"Villarreal","1","1","2","3",6
2,"Fenerbahce","1","-","1","2",3
2,"Girondins De Bordeaux","1","-","1","2",3
2,"VfL Wolfsburg","1","-","1","2",3
8,"Benfica","-","3","5","3",10
2,"Spartak Moscow","-","1","1","2",4
2,"Olympiakos","-","1","1","2",3
2,"Malaga","-","1","1","2",3
2,"IFK Gothenburg","-","2","-","2",2
2,"APOEL Nicosia","-","-","2","2",8
4,"PSV Eindhoven","-","2","2","2",6
2,"Sevilla","-","1","1","1",2
2,"Rosenborg BK","-","1","1","1",3
2,"Shakhtar Donetsk","-","-","2","1",6
2,"Leicester City","-","1","1","1",2
2,"AJ Auxerre","-","-","2","1",4
2,"Olympique Marseille","-","-","2","-",4
2,"1. FC Kaiserslautern","-","-","2","-",6
2,"Legia Warsaw","-","1","1","-",3
2,"CSKA Moscow","-","-","2","-",2
2,"Hajduk Split","-","1","1","-",3
