Total_Played,Stage,Won,Drawn,Lost,Goals_For,Goals_Against,Club_Name
265,All Time Record,159,51,55,561,286,Real Madrid
168,Group Stage,108,34,26,395,179,Real Madrid
34,Round of 16,16,8,10,54,39,Real Madrid
32,Quarter-finals,18,4,10,63,38,Real Madrid
24,Semi-finals,10,5,9,31,25,Real Madrid
7,Final,7,0,0,18,5,Real Madrid
256,All Time Record,150,63,43,511,245,Barcelona
162,Group Stage,103,39,20,352,141,Barcelona
32,Round of 16,20,7,5,69,32,Barcelona
34,Quarter-finals,16,10,8,56,34,Barcelona
23,Semi-finals,7,7,9,24,31,Barcelona
5,Final,4,0,1,10,7,Barcelona
165,All Time Record,75,47,43,229,156,AC Milan
114,Group Stage,53,34,27,164,104,AC Milan
20,Round of 16,7,5,8,21,25,AC Milan
14,Quarter-finals,7,5,2,20,13,AC Milan
11,Semi-finals,5,3,3,15,8,AC Milan
6,Final,3,0,3,9,6,AC Milan
247,All Time Record,139,52,56,478,254,Bayern Munich
156,Group Stage,95,33,28,314,141,Bayern Munich
32,Round of 16,15,8,9,74,36,Bayern Munich
34,Quarter-finals,16,9,9,55,43,Bayern Munich
20,Semi-finals,11,2,7,30,27,Bayern Munich
5,Final,2,0,3,5,7,Bayern Munich
223,All Time Record,119,55,49,372,208,Manchester United
155,Group Stage,89,38,28,277,133,Manchester United
22,Round of 16,9,6,7,26,19,Manchester United
28,Quarter-finals,12,7,9,44,34,Manchester United
14,Semi-finals,7,4,3,21,15,Manchester United
4,Final,2,0,2,4,7,Manchester United
120,All Time Record,59,32,29,200,113,Liverpool
78,Group Stage,36,24,18,130,71,Liverpool
16,Round of 16,9,3,4,24,9,Liverpool
14,Quarter-finals,9,3,2,30,17,Liverpool
8,Semi-finals,3,2,3,9,8,Liverpool
4,Final,2,0,2,7,8,Liverpool
198,All Time Record,98,52,48,304,193,Juventus
132,Group Stage,71,36,25,212,117,Juventus
22,Round of 16,10,5,7,32,22,Juventus
24,Quarter-finals,8,9,7,26,23,Juventus
14,Semi-finals,8,2,4,30,19,Juventus
6,Final,1,0,5,4,12,Juventus
164,All Time Record,81,47,36,277,151,Chelsea
102,Group Stage,60,25,17,195,74,Chelsea
28,Round of 16,8,12,8,34,30,Chelsea
18,Quarter-finals,9,3,6,33,29,Chelsea
14,Semi-finals,3,7,4,13,16,Chelsea
2,Final,1,0,1,2,2,Chelsea
188,All Time Record,80,46,62,253,220,FC Porto
150,Group Stage,70,34,46,214,160,FC Porto
22,Round of 16,6,7,9,22,32,FC Porto
12,Quarter-finals,2,4,6,13,25,FC Porto
3,Semi-finals,1,1,1,1,3,FC Porto
1,Final,1,0,0,3,0,FC Porto
122,All Time Record,57,26,39,193,146,Borussia Dortmund
90,Group Stage,44,21,25,153,106,Borussia Dortmund
12,Round of 16,4,2,6,17,17,Borussia Dortmund
12,Quarter-finals,5,2,5,13,15,Borussia Dortmund
6,Semi-finals,3,1,2,6,5,Borussia Dortmund
2,Final,1,0,1,4,3,Borussia Dortmund
117,All Time Record,54,29,34,164,132,Internazionale
84,Group Stage,42,21,21,131,95,Internazionale
16,Round of 16,6,5,5,17,17,Internazionale
12,Quarter-finals,4,1,7,10,17,Internazionale
4,Semi-finals,1,2,1,4,3,Internazionale
1,Final,1,0,0,2,0,Internazionale
119,All Time Record,47,32,40,162,134,AFC Ajax
96,Group Stage,38,26,32,126,107,AFC Ajax
4,Round of 16,1,1,2,7,6,AFC Ajax
10,Quarter-finals,5,4,1,15,8,AFC Ajax
7,Semi-finals,2,1,4,12,12,AFC Ajax
2,Final,1,0,1,2,1,AFC Ajax
67,All Time Record,22,11,34,84,89,Olympique Marseille
60,Group Stage,20,10,30,80,81,Olympique Marseille
4,Round of 16,1,1,2,3,4,Olympique Marseille
2,Quarter-finals,0,0,2,0,4,Olympique Marseille
0,Semi-finals,0,0,0,0,0,Olympique Marseille
1,Final,1,0,0,1,0,Olympique Marseille
177,All Time Record,83,41,53,281,205,Arsenal
132,Group Stage,68,31,33,228,140,Arsenal
28,Round of 16,11,4,13,34,42,Arsenal
12,Quarter-finals,3,5,4,16,17,Arsenal
4,Semi-finals,1,1,2,2,4,Arsenal
1,Final,0,0,1,1,2,Arsenal
105,All Time Record,57,21,27,209,119,Paris Saint-Germain
77,Group Stage,48,13,16,170,76,Paris Saint-Germain
16,Round of 16,7,4,5,27,24,Paris Saint-Germain
10,Quarter-finals,2,4,4,12,16,Paris Saint-Germain
2,Semi-finals,0,0,2,0,3,Paris Saint-Germain
0,Final,0,0,0,0,0,Paris Saint-Germain
134,All Time Record,56,38,40,209,159,Olympique Lyonnais
102,Group Stage,47,26,29,175,121,Olympique Lyonnais
22,Round of 16,8,8,6,26,23,Olympique Lyonnais
8,Quarter-finals,1,4,3,8,11,Olympique Lyonnais
2,Semi-finals,0,0,2,0,4,Olympique Lyonnais
0,Final,0,0,0,0,0,Olympique Lyonnais
111,All Time Record,47,32,32,160,114,Valencia
89,Group Stage,42,25,22,133,84,Valencia
8,Round of 16,0,5,3,7,13,Valencia
8,Quarter-finals,3,1,4,11,10,Valencia
4,Semi-finals,2,1,1,8,3,Valencia
2,Final,0,0,2,1,4,Valencia
92,All Time Record,45,27,20,127,76,Atletico Madrid
60,Group Stage,33,16,11,93,46,Atletico Madrid
14,Round of 16,6,6,2,15,9,Atletico Madrid
10,Quarter-finals,3,4,3,10,9,Atletico Madrid
6,Semi-finals,3,1,2,7,7,Atletico Madrid
2,Final,0,0,2,2,5,Atletico Madrid
122,All Time Record,39,22,61,145,208,Olympiakos
114,Group Stage,38,20,56,140,196,Olympiakos
6,Round of 16,1,1,4,3,9,Olympiakos
2,Quarter-finals,0,1,1,2,3,Olympiakos
0,Semi-finals,0,0,0,0,0,Olympiakos
0,Final,0,0,0,0,0,Olympiakos
106,All Time Record,37,25,44,115,140,Benfica
90,Group Stage,31,22,37,101,122,Benfica
8,Round of 16,6,0,2,11,8,Benfica
8,Quarter-finals,0,3,5,3,10,Benfica
0,Semi-finals,0,0,0,0,0,Benfica
0,Final,0,0,0,0,0,Benfica
101,All Time Record,36,23,42,142,165,Bayer Leverkusen
84,Group Stage,34,19,31,125,126,Bayer Leverkusen
10,Round of 16,1,1,8,8,27,Bayer Leverkusen
4,Quarter-finals,1,1,2,5,7,Bayer Leverkusen
2,Semi-finals,0,2,0,3,3,Bayer Leverkusen
1,Final,0,0,1,1,2,Bayer Leverkusen
98,All Time Record,35,25,38,127,141,AS Roma
78,Group Stage,27,24,27,106,107,AS Roma
14,Round of 16,6,1,7,14,19,AS Roma
6,Quarter-finals,2,0,4,7,15,AS Roma
0,Semi-finals,0,0,0,0,0,AS Roma
0,Final,0,0,0,0,0,AS Roma
75,All Time Record,35,17,23,144,98,Manchester City
53,Group Stage,28,12,13,110,68,Manchester City
14,Round of 16,5,3,6,26,18,Manchester City
6,Quarter-finals,2,1,3,8,11,Manchester City
2,Semi-finals,0,1,1,0,1,Manchester City
0,Final,0,0,0,0,0,Manchester City
93,All Time Record,33,19,41,133,156,Shakhtar Donetsk
83,Group Stage,30,17,36,122,134,Shakhtar Donetsk
8,Round of 16,3,2,3,10,16,Shakhtar Donetsk
2,Quarter-finals,0,0,2,1,6,Shakhtar Donetsk
0,Semi-finals,0,0,0,0,0,Shakhtar Donetsk
0,Final,0,0,0,0,0,Shakhtar Donetsk
110,All Time Record,32,27,51,107,158,PSV Eindhoven
96,Group Stage,28,22,46,97,143,PSV Eindhoven
8,Round of 16,3,3,2,5,6,PSV Eindhoven
4,Quarter-finals,0,2,2,2,6,PSV Eindhoven
2,Semi-finals,1,0,1,3,3,PSV Eindhoven
0,Final,0,0,0,0,0,PSV Eindhoven
78,All Time Record,30,16,32,116,113,AS Monaco
54,Group Stage,22,12,20,83,70,AS Monaco
8,Round of 16,3,0,5,11,14,AS Monaco
8,Quarter-finals,3,3,2,12,10,AS Monaco
7,Semi-finals,2,1,4,10,16,AS Monaco
1,Final,0,0,1,0,3,AS Monaco
110,All Time Record,30,27,53,133,163,Dynamo Kyiv
102,Group Stage,29,23,50,124,150,Dynamo Kyiv
2,Round of 16,0,1,1,1,3,Dynamo Kyiv
4,Quarter-finals,1,2,1,5,6,Dynamo Kyiv
2,Semi-finals,0,1,1,3,4,Dynamo Kyiv
0,Final,0,0,0,0,0,Dynamo Kyiv
116,All Time Record,28,29,59,112,197,Galatasaray SK
108,Group Stage,25,27,56,101,181,Galatasaray SK
4,Round of 16,1,2,1,5,6,Galatasaray SK
4,Quarter-finals,2,0,2,6,10,Galatasaray SK
0,Semi-finals,0,0,0,0,0,Galatasaray SK
0,Final,0,0,0,0,0,Galatasaray SK
66,All Time Record,27,14,25,92,97,FC Schalke 04
48,Group Stage,22,12,14,68,55,FC Schalke 04
12,Round of 16,3,2,7,16,31,FC Schalke 04
4,Quarter-finals,2,0,2,7,5,FC Schalke 04
2,Semi-finals,0,0,2,1,6,FC Schalke 04
0,Final,0,0,0,0,0,FC Schalke 04
58,All Time Record,23,15,20,74,79,Deportivo La Coruna
48,Group Stage,19,14,15,63,66,Deportivo La Coruna
2,Round of 16,2,0,0,2,0,Deportivo La Coruna
6,Quarter-finals,2,0,4,9,12,Deportivo La Coruna
2,Semi-finals,0,1,1,0,1,Deportivo La Coruna
0,Final,0,0,0,0,0,Deportivo La Coruna
74,All Time Record,23,18,33,76,104,Panathinaikos
66,Group Stage,20,16,30,68,95,Panathinaikos
2,Round of 16,0,1,1,2,3,Panathinaikos
4,Quarter-finals,2,1,1,5,3,Panathinaikos
2,Semi-finals,1,0,1,1,3,Panathinaikos
0,Final,0,0,0,0,0,Panathinaikos
80,All Time Record,22,18,40,99,145,Spartak Moscow
78,Group Stage,22,17,39,97,141,Spartak Moscow
0,Round of 16,0,0,0,0,0,Spartak Moscow
2,Quarter-finals,0,1,1,2,4,Spartak Moscow
0,Semi-finals,0,0,0,0,0,Spartak Moscow
0,Final,0,0,0,0,0,Spartak Moscow
44,All Time Record,20,10,14,81,63,Tottenham Hotspur
30,Group Stage,15,7,8,66,45,Tottenham Hotspur
8,Round of 16,3,3,2,8,5,Tottenham Hotspur
4,Quarter-finals,1,0,3,4,9,Tottenham Hotspur
1,Semi-finals,1,0,0,3,2,Tottenham Hotspur
1,Final,0,0,1,0,2,Tottenham Hotspur
74,All Time Record,19,18,37,95,129,Rosenborg BK
72,Group Stage,19,17,36,94,126,Rosenborg BK
0,Round of 16,0,0,0,0,0,Rosenborg BK
2,Quarter-finals,0,1,1,1,3,Rosenborg BK
0,Semi-finals,0,0,0,0,0,Rosenborg BK
0,Final,0,0,0,0,0,Rosenborg BK
40,All Time Record,19,9,12,64,51,Sevilla
30,Group Stage,16,6,8,52,37,Sevilla
8,Round of 16,3,2,3,11,12,Sevilla
2,Quarter-finals,0,1,1,1,2,Sevilla
0,Semi-finals,0,0,0,0,0,Sevilla
0,Final,0,0,0,0,0,Sevilla
60,All Time Record,19,13,28,68,107,FC Basel
54,Group Stage,17,12,25,64,90,FC Basel
6,Round of 16,2,1,3,4,17,FC Basel
0,Quarter-finals,0,0,0,0,0,FC Basel
0,Semi-finals,0,0,0,0,0,FC Basel
0,Final,0,0,0,0,0,FC Basel
78,All Time Record,18,18,42,82,131,CSKA Moscow
72,Group Stage,17,16,39,77,122,CSKA Moscow
4,Round of 16,1,2,1,5,7,CSKA Moscow
2,Quarter-finals,0,0,2,0,2,CSKA Moscow
0,Semi-finals,0,0,0,0,0,CSKA Moscow
0,Final,0,0,0,0,0,CSKA Moscow
66,All Time Record,18,10,38,61,116,Celtic
60,Group Stage,18,9,33,59,106,Celtic
6,Round of 16,0,1,5,2,10,Celtic
0,Quarter-finals,0,0,0,0,0,Celtic
0,Semi-finals,0,0,0,0,0,Celtic
0,Final,0,0,0,0,0,Celtic
41,All Time Record,18,11,12,64,52,Napoli
35,Group Stage,17,9,9,58,41,Napoli
6,Round of 16,1,2,3,6,11,Napoli
0,Quarter-finals,0,0,0,0,0,Napoli
0,Semi-finals,0,0,0,0,0,Napoli
0,Final,0,0,0,0,0,Napoli
48,All Time Record,17,11,20,54,63,Zenit St Petersburg
42,Group Stage,15,11,16,46,51,Zenit St Petersburg
6,Round of 16,2,0,4,8,12,Zenit St Petersburg
0,Quarter-finals,0,0,0,0,0,Zenit St Petersburg
0,Semi-finals,0,0,0,0,0,Zenit St Petersburg
0,Final,0,0,0,0,0,Zenit St Petersburg
44,All Time Record,17,11,16,66,55,SS Lazio
42,Group Stage,16,11,15,63,50,SS Lazio
0,Round of 16,0,0,0,0,0,SS Lazio
2,Quarter-finals,1,0,1,3,5,SS Lazio
0,Semi-finals,0,0,0,0,0,SS Lazio
0,Final,0,0,0,0,0,SS Lazio
46,All Time Record,16,10,20,69,86,Werder Bremen
42,Group Stage,15,10,17,63,72,Werder Bremen
4,Round of 16,1,0,3,6,14,Werder Bremen
0,Quarter-finals,0,0,0,0,0,Werder Bremen
0,Semi-finals,0,0,0,0,0,Werder Bremen
0,Final,0,0,0,0,0,Werder Bremen
34,All Time Record,15,8,11,37,42,Girondins De Bordeaux
30,Group Stage,12,8,10,32,38,Girondins De Bordeaux
2,Round of 16,2,0,0,3,1,Girondins De Bordeaux
2,Quarter-finals,1,0,1,2,3,Girondins De Bordeaux
0,Semi-finals,0,0,0,0,0,Girondins De Bordeaux
0,Final,0,0,0,0,0,Girondins De Bordeaux
50,All Time Record,14,8,28,60,89,Sporting Lisbon
48,Group Stage,14,8,26,59,77,Sporting Lisbon
2,Round of 16,0,0,2,1,12,Sporting Lisbon
0,Quarter-finals,0,0,0,0,0,Sporting Lisbon
0,Semi-finals,0,0,0,0,0,Sporting Lisbon
0,Final,0,0,0,0,0,Sporting Lisbon
78,All Time Record,13,20,45,65,150,RSC Anderlecht
78,Group Stage,13,20,45,65,150,RSC Anderlecht
0,Round of 16,0,0,0,0,0,RSC Anderlecht
0,Quarter-finals,0,0,0,0,0,RSC Anderlecht
0,Semi-finals,0,0,0,0,0,RSC Anderlecht
0,Final,0,0,0,0,0,RSC Anderlecht
44,All Time Record,13,9,22,43,83,Besiktas
42,Group Stage,13,9,20,42,75,Besiktas
2,Round of 16,0,0,2,1,8,Besiktas
0,Quarter-finals,0,0,0,0,0,Besiktas
0,Semi-finals,0,0,0,0,0,Besiktas
0,Final,0,0,0,0,0,Besiktas
56,All Time Record,13,15,28,57,86,Sparta Prague
54,Group Stage,13,14,27,56,82,Sparta Prague
2,Round of 16,0,1,1,1,4,Sparta Prague
0,Quarter-finals,0,0,0,0,0,Sparta Prague
0,Semi-finals,0,0,0,0,0,Sparta Prague
0,Final,0,0,0,0,0,Sparta Prague
62,All Time Record,12,23,27,63,94,Rangers
60,Group Stage,12,21,27,60,91,Rangers
2,Round of 16,0,2,0,3,3,Rangers
0,Quarter-finals,0,0,0,0,0,Rangers
0,Semi-finals,0,0,0,0,0,Rangers
0,Final,0,0,0,0,0,Rangers
26,All Time Record,11,8,7,39,34,Fiorentina
24,Group Stage,10,8,6,35,30,Fiorentina
2,Round of 16,1,0,1,4,4,Fiorentina
0,Quarter-finals,0,0,0,0,0,Fiorentina
0,Semi-finals,0,0,0,0,0,Fiorentina
0,Final,0,0,0,0,0,Fiorentina
40,All Time Record,11,6,23,42,70,Fenerbahce
36,Group Stage,9,6,21,35,62,Fenerbahce
2,Round of 16,1,0,1,5,5,Fenerbahce
2,Quarter-finals,1,0,1,2,3,Fenerbahce
0,Semi-finals,0,0,0,0,0,Fenerbahce
0,Final,0,0,0,0,0,Fenerbahce
26,All Time Record,10,3,13,30,39,IFK Gothenburg
24,Group Stage,10,1,13,28,37,IFK Gothenburg
0,Round of 16,0,0,0,0,0,IFK Gothenburg
2,Quarter-finals,0,2,0,2,2,IFK Gothenburg
0,Semi-finals,0,0,0,0,0,IFK Gothenburg
0,Final,0,0,0,0,0,IFK Gothenburg
36,All Time Record,9,11,16,38,59,Feyenoord
36,Group Stage,9,11,16,38,59,Feyenoord
0,Round of 16,0,0,0,0,0,Feyenoord
0,Quarter-finals,0,0,0,0,0,Feyenoord
0,Semi-finals,0,0,0,0,0,Feyenoord
0,Final,0,0,0,0,0,Feyenoord
38,All Time Record,9,5,24,34,58,Lokomotiv Moscow
36,Group Stage,8,5,23,32,56,Lokomotiv Moscow
2,Round of 16,1,0,1,2,2,Lokomotiv Moscow
0,Quarter-finals,0,0,0,0,0,Lokomotiv Moscow
0,Semi-finals,0,0,0,0,0,Lokomotiv Moscow
0,Final,0,0,0,0,0,Lokomotiv Moscow
16,All Time Record,8,2,6,22,19,VfL Wolfsburg
12,Group Stage,5,2,5,16,14,VfL Wolfsburg
2,Round of 16,2,0,0,4,2,VfL Wolfsburg
2,Quarter-finals,1,0,1,2,3,VfL Wolfsburg
0,Semi-finals,0,0,0,0,0,VfL Wolfsburg
0,Final,0,0,0,0,0,VfL Wolfsburg
26,All Time Record,8,7,11,23,30,FC Copenhagen
24,Group Stage,8,6,10,23,28,FC Copenhagen
2,Round of 16,0,1,1,0,2,FC Copenhagen
0,Quarter-finals,0,0,0,0,0,FC Copenhagen
0,Semi-finals,0,0,0,0,0,FC Copenhagen
0,Final,0,0,0,0,0,FC Copenhagen
42,All Time Record,8,12,22,33,59,Club Brugge
42,Group Stage,8,12,22,33,59,Club Brugge
0,Round of 16,0,0,0,0,0,Club Brugge
0,Quarter-finals,0,0,0,0,0,Club Brugge
0,Semi-finals,0,0,0,0,0,Club Brugge
0,Final,0,0,0,0,0,Club Brugge
20,All Time Record,7,1,12,16,30,AJ Auxerre
18,Group Stage,7,1,10,15,26,AJ Auxerre
0,Round of 16,0,0,0,0,0,AJ Auxerre
2,Quarter-finals,0,0,2,1,4,AJ Auxerre
0,Semi-finals,0,0,0,0,0,AJ Auxerre
0,Final,0,0,0,0,0,AJ Auxerre
22,All Time Record,7,5,10,26,34,VfB Stuttgart
18,Group Stage,7,3,8,25,28,VfB Stuttgart
4,Round of 16,0,2,2,1,6,VfB Stuttgart
0,Quarter-finals,0,0,0,0,0,VfB Stuttgart
0,Semi-finals,0,0,0,0,0,VfB Stuttgart
0,Final,0,0,0,0,0,VfB Stuttgart
18,All Time Record,7,2,9,23,29,Newcastle United
18,Group Stage,7,2,9,23,29,Newcastle United
0,Round of 16,0,0,0,0,0,Newcastle United
0,Quarter-finals,0,0,0,0,0,Newcastle United
0,Semi-finals,0,0,0,0,0,Newcastle United
0,Final,0,0,0,0,0,Newcastle United
22,All Time Record,7,8,7,27,26,FC Nantes
18,Group Stage,5,7,6,20,20,FC Nantes
0,Round of 16,0,0,0,0,0,FC Nantes
2,Quarter-finals,1,1,0,4,2,FC Nantes
2,Semi-finals,1,0,1,3,4,FC Nantes
0,Final,0,0,0,0,0,FC Nantes
24,All Time Record,7,2,15,20,53,Sturm Graz
24,Group Stage,7,2,15,20,53,Sturm Graz
0,Round of 16,0,0,0,0,0,Sturm Graz
0,Quarter-finals,0,0,0,0,0,Sturm Graz
0,Semi-finals,0,0,0,0,0,Sturm Graz
0,Final,0,0,0,0,0,Sturm Graz
14,All Time Record,6,4,4,21,19,RB Leipzig
12,Group Stage,5,3,4,20,19,RB Leipzig
2,Round of 16,1,1,0,1,0,RB Leipzig
0,Quarter-finals,0,0,0,0,0,RB Leipzig
0,Semi-finals,0,0,0,0,0,RB Leipzig
0,Final,0,0,0,0,0,RB Leipzig
28,All Time Record,6,12,10,23,34,Villarreal
18,Group Stage,4,7,7,14,22,Villarreal
4,Round of 16,1,3,0,6,5,Villarreal
4,Quarter-finals,1,1,2,3,6,Villarreal
2,Semi-finals,0,1,1,0,1,Villarreal
0,Final,0,0,0,0,0,Villarreal
38,All Time Record,6,13,19,30,49,Lille OSC
36,Group Stage,6,13,17,30,47,Lille OSC
2,Round of 16,0,0,2,0,2,Lille OSC
0,Quarter-finals,0,0,0,0,0,Lille OSC
0,Semi-finals,0,0,0,0,0,Lille OSC
0,Final,0,0,0,0,0,Lille OSC
16,All Time Record,6,5,5,24,21,Leeds United
12,Group Stage,5,4,3,21,16,Leeds United
0,Round of 16,0,0,0,0,0,Leeds United
2,Quarter-finals,1,0,1,3,2,Leeds United
2,Semi-finals,0,1,1,0,3,Leeds United
0,Final,0,0,0,0,0,Leeds United
42,All Time Record,5,7,30,29,92,Dinamo Zagreb
42,Group Stage,5,7,30,29,92,Dinamo Zagreb
0,Round of 16,0,0,0,0,0,Dinamo Zagreb
0,Quarter-finals,0,0,0,0,0,Dinamo Zagreb
0,Semi-finals,0,0,0,0,0,Dinamo Zagreb
0,Final,0,0,0,0,0,Dinamo Zagreb
18,All Time Record,5,3,10,20,28,CFR Cluj
18,Group Stage,5,3,10,20,28,CFR Cluj
0,Round of 16,0,0,0,0,0,CFR Cluj
0,Quarter-finals,0,0,0,0,0,CFR Cluj
0,Semi-finals,0,0,0,0,0,CFR Cluj
0,Final,0,0,0,0,0,CFR Cluj
10,All Time Record,5,2,3,11,10,Leicester City
6,Group Stage,4,1,1,7,6,Leicester City
2,Round of 16,1,0,1,3,2,Leicester City
2,Quarter-finals,0,1,1,1,2,Leicester City
0,Semi-finals,0,0,0,0,0,Leicester City
0,Final,0,0,0,0,0,Leicester City
10,All Time Record,4,4,2,16,9,Malaga
6,Group Stage,3,3,0,12,5,Malaga
2,Round of 16,1,0,1,2,1,Malaga
2,Quarter-finals,0,1,1,2,3,Malaga
0,Semi-finals,0,0,0,0,0,Malaga
0,Final,0,0,0,0,0,Malaga
8,All Time Record,4,1,3,12,12,1. FC Kaiserslautern
6,Group Stage,4,1,1,12,6,1. FC Kaiserslautern
0,Round of 16,0,0,0,0,0,1. FC Kaiserslautern
2,Quarter-finals,0,0,2,0,6,1. FC Kaiserslautern
0,Semi-finals,0,0,0,0,0,1. FC Kaiserslautern
0,Final,0,0,0,0,0,1. FC Kaiserslautern
30,All Time Record,4,7,19,21,73,FC BATE Borisov
30,Group Stage,4,7,19,21,73,FC BATE Borisov
0,Round of 16,0,0,0,0,0,FC BATE Borisov
0,Quarter-finals,0,0,0,0,0,FC BATE Borisov
0,Semi-finals,0,0,0,0,0,FC BATE Borisov
0,Final,0,0,0,0,0,FC BATE Borisov
18,All Time Record,4,3,11,17,44,Viktoria Plzen
18,Group Stage,4,3,11,17,44,Viktoria Plzen
0,Round of 16,0,0,0,0,0,Viktoria Plzen
0,Quarter-finals,0,0,0,0,0,Viktoria Plzen
0,Semi-finals,0,0,0,0,0,Viktoria Plzen
0,Final,0,0,0,0,0,Viktoria Plzen
18,All Time Record,4,6,8,14,25,Boavista
18,Group Stage,4,6,8,14,25,Boavista
0,Round of 16,0,0,0,0,0,Boavista
0,Quarter-finals,0,0,0,0,0,Boavista
0,Semi-finals,0,0,0,0,0,Boavista
0,Final,0,0,0,0,0,Boavista
12,All Time Record,4,4,4,16,17,RC Lens
12,Group Stage,4,4,4,16,17,RC Lens
0,Round of 16,0,0,0,0,0,RC Lens
0,Quarter-finals,0,0,0,0,0,RC Lens
0,Semi-finals,0,0,0,0,0,RC Lens
0,Final,0,0,0,0,0,RC Lens
12,All Time Record,4,0,8,12,24,Sporting Braga
12,Group Stage,4,0,8,12,24,Sporting Braga
0,Round of 16,0,0,0,0,0,Sporting Braga
0,Quarter-finals,0,0,0,0,0,Sporting Braga
0,Semi-finals,0,0,0,0,0,Sporting Braga
0,Final,0,0,0,0,0,Sporting Braga
42,All Time Record,4,14,24,30,69,Steaua Bucharest
42,Group Stage,4,14,24,30,69,Steaua Bucharest
0,Round of 16,0,0,0,0,0,Steaua Bucharest
0,Quarter-finals,0,0,0,0,0,Steaua Bucharest
0,Semi-finals,0,0,0,0,0,Steaua Bucharest
0,Final,0,0,0,0,0,Steaua Bucharest
6,All Time Record,3,0,3,4,9,RCD Mallorca
6,Group Stage,3,0,3,4,9,RCD Mallorca
0,Round of 16,0,0,0,0,0,RCD Mallorca
0,Quarter-finals,0,0,0,0,0,RCD Mallorca
0,Semi-finals,0,0,0,0,0,RCD Mallorca
0,Final,0,0,0,0,0,RCD Mallorca
12,All Time Record,3,2,7,11,18,Grasshoppers
12,Group Stage,3,2,7,11,18,Grasshoppers
0,Round of 16,0,0,0,0,0,Grasshoppers
0,Quarter-finals,0,0,0,0,0,Grasshoppers
0,Semi-finals,0,0,0,0,0,Grasshoppers
0,Final,0,0,0,0,0,Grasshoppers
12,All Time Record,3,4,5,10,12,Athletic Bilbao
12,Group Stage,3,4,5,10,12,Athletic Bilbao
0,Round of 16,0,0,0,0,0,Athletic Bilbao
0,Quarter-finals,0,0,0,0,0,Athletic Bilbao
0,Semi-finals,0,0,0,0,0,Athletic Bilbao
0,Final,0,0,0,0,0,Athletic Bilbao
8,All Time Record,3,2,3,12,13,Atalanta
6,Group Stage,2,1,3,8,12,Atalanta
2,Round of 16,1,1,0,4,1,Atalanta
0,Quarter-finals,0,0,0,0,0,Atalanta
0,Semi-finals,0,0,0,0,0,Atalanta
0,Final,0,0,0,0,0,Atalanta
14,All Time Record,3,3,8,14,35,Legia Warsaw
12,Group Stage,3,2,7,14,32,Legia Warsaw
0,Round of 16,0,0,0,0,0,Legia Warsaw
2,Quarter-finals,0,1,1,0,3,Legia Warsaw
0,Semi-finals,0,0,0,0,0,Legia Warsaw
0,Final,0,0,0,0,0,Legia Warsaw
8,All Time Record,3,1,4,10,11,KAA Gent
6,Group Stage,3,1,2,8,7,KAA Gent
2,Round of 16,0,0,2,2,4,KAA Gent
0,Quarter-finals,0,0,0,0,0,KAA Gent
0,Semi-finals,0,0,0,0,0,KAA Gent
0,Final,0,0,0,0,0,KAA Gent
12,All Time Record,3,4,5,20,19,Salzburg
12,Group Stage,3,4,5,20,19,Salzburg
0,Round of 16,0,0,0,0,0,Salzburg
0,Quarter-finals,0,0,0,0,0,Salzburg
0,Semi-finals,0,0,0,0,0,Salzburg
0,Final,0,0,0,0,0,Salzburg
28,All Time Record,3,9,16,16,51,APOEL Nicosia
24,Group Stage,2,9,13,13,42,APOEL Nicosia
2,Round of 16,1,0,1,1,1,APOEL Nicosia
2,Quarter-finals,0,0,2,2,8,APOEL Nicosia
0,Semi-finals,0,0,0,0,0,APOEL Nicosia
0,Final,0,0,0,0,0,APOEL Nicosia
6,All Time Record,2,3,1,6,5,Parma
6,Group Stage,2,3,1,6,5,Parma
0,Round of 16,0,0,0,0,0,Parma
0,Quarter-finals,0,0,0,0,0,Parma
0,Semi-finals,0,0,0,0,0,Parma
0,Final,0,0,0,0,0,Parma
12,All Time Record,2,6,4,6,11,Rubin Kazan
12,Group Stage,2,6,4,6,11,Rubin Kazan
0,Round of 16,0,0,0,0,0,Rubin Kazan
0,Quarter-finals,0,0,0,0,0,Rubin Kazan
0,Semi-finals,0,0,0,0,0,Rubin Kazan
0,Final,0,0,0,0,0,Rubin Kazan
6,All Time Record,2,1,3,3,7,Real Betis
6,Group Stage,2,1,3,3,7,Real Betis
0,Round of 16,0,0,0,0,0,Real Betis
0,Quarter-finals,0,0,0,0,0,Real Betis
0,Semi-finals,0,0,0,0,0,Real Betis
0,Final,0,0,0,0,0,Real Betis
12,All Time Record,2,1,9,8,37,Crvena Zvezda
12,Group Stage,2,1,9,8,37,Crvena Zvezda
0,Round of 16,0,0,0,0,0,Crvena Zvezda
0,Quarter-finals,0,0,0,0,0,Crvena Zvezda
0,Semi-finals,0,0,0,0,0,Crvena Zvezda
0,Final,0,0,0,0,0,Crvena Zvezda
12,All Time Record,2,4,6,14,26,Aalborg BK
12,Group Stage,2,4,6,14,26,Aalborg BK
0,Round of 16,0,0,0,0,0,Aalborg BK
0,Quarter-finals,0,0,0,0,0,Aalborg BK
0,Semi-finals,0,0,0,0,0,Aalborg BK
0,Final,0,0,0,0,0,Aalborg BK
8,All Time Record,2,3,3,5,10,Hajduk Split
6,Group Stage,2,2,2,5,7,Hajduk Split
0,Round of 16,0,0,0,0,0,Hajduk Split
2,Quarter-finals,0,1,1,0,3,Hajduk Split
0,Semi-finals,0,0,0,0,0,Hajduk Split
0,Final,0,0,0,0,0,Hajduk Split
12,All Time Record,2,4,6,13,24,Borussia M'gladbach
12,Group Stage,2,4,6,13,24,Borussia M'gladbach
0,Round of 16,0,0,0,0,0,Borussia M'gladbach
0,Quarter-finals,0,0,0,0,0,Borussia M'gladbach
0,Semi-finals,0,0,0,0,0,Borussia M'gladbach
0,Final,0,0,0,0,0,Borussia M'gladbach
6,All Time Record,2,2,2,8,8,Unirea Urziceni
6,Group Stage,2,2,2,8,8,Unirea Urziceni
0,Round of 16,0,0,0,0,0,Unirea Urziceni
0,Quarter-finals,0,0,0,0,0,Unirea Urziceni
0,Semi-finals,0,0,0,0,0,Unirea Urziceni
0,Final,0,0,0,0,0,Unirea Urziceni
14,All Time Record,2,4,8,9,20,Real Sociedad
12,Group Stage,2,4,6,9,18,Real Sociedad
2,Round of 16,0,0,2,0,2,Real Sociedad
0,Quarter-finals,0,0,0,0,0,Real Sociedad
0,Semi-finals,0,0,0,0,0,Real Sociedad
0,Final,0,0,0,0,0,Real Sociedad
6,All Time Record,2,1,3,10,12,Udinese
6,Group Stage,2,1,3,10,12,Udinese
0,Round of 16,0,0,0,0,0,Udinese
0,Quarter-finals,0,0,0,0,0,Udinese
0,Semi-finals,0,0,0,0,0,Udinese
0,Final,0,0,0,0,0,Udinese
30,All Time Record,2,12,16,19,49,AEK Athens
30,Group Stage,2,12,16,19,49,AEK Athens
0,Round of 16,0,0,0,0,0,AEK Athens
0,Quarter-finals,0,0,0,0,0,AEK Athens
0,Semi-finals,0,0,0,0,0,AEK Athens
0,Final,0,0,0,0,0,AEK Athens
12,All Time Record,2,3,7,16,24,Hamburger SV
12,Group Stage,2,3,7,16,24,Hamburger SV
0,Round of 16,0,0,0,0,0,Hamburger SV
0,Quarter-finals,0,0,0,0,0,Hamburger SV
0,Semi-finals,0,0,0,0,0,Hamburger SV
0,Final,0,0,0,0,0,Hamburger SV
12,All Time Record,2,4,6,10,18,Hertha BSC
12,Group Stage,2,4,6,10,18,Hertha BSC
0,Round of 16,0,0,0,0,0,Hertha BSC
0,Quarter-finals,0,0,0,0,0,Hertha BSC
0,Semi-finals,0,0,0,0,0,Hertha BSC
0,Final,0,0,0,0,0,Hertha BSC
12,All Time Record,2,0,10,5,36,Malmo FF
12,Group Stage,2,0,10,5,36,Malmo FF
0,Round of 16,0,0,0,0,0,Malmo FF
0,Quarter-finals,0,0,0,0,0,Malmo FF
0,Semi-finals,0,0,0,0,0,Malmo FF
0,Final,0,0,0,0,0,Malmo FF
8,All Time Record,2,3,3,9,11,Celta Vigo
6,Group Stage,2,3,1,7,6,Celta Vigo
2,Round of 16,0,0,2,2,5,Celta Vigo
0,Quarter-finals,0,0,0,0,0,Celta Vigo
0,Semi-finals,0,0,0,0,0,Celta Vigo
0,Final,0,0,0,0,0,Celta Vigo
6,All Time Record,2,1,3,7,8,Standard Liege
6,Group Stage,2,1,3,7,8,Standard Liege
0,Round of 16,0,0,0,0,0,Standard Liege
0,Quarter-finals,0,0,0,0,0,Standard Liege
0,Semi-finals,0,0,0,0,0,Standard Liege
0,Final,0,0,0,0,0,Standard Liege
12,All Time Record,2,1,9,12,20,Maccabi Haifa
12,Group Stage,2,1,9,12,20,Maccabi Haifa
0,Round of 16,0,0,0,0,0,Maccabi Haifa
0,Quarter-finals,0,0,0,0,0,Maccabi Haifa
0,Semi-finals,0,0,0,0,0,Maccabi Haifa
0,Final,0,0,0,0,0,Maccabi Haifa
12,All Time Record,1,4,7,9,26,Slavia Prague
12,Group Stage,1,4,7,9,26,Slavia Prague
0,Round of 16,0,0,0,0,0,Slavia Prague
0,Quarter-finals,0,0,0,0,0,Slavia Prague
0,Semi-finals,0,0,0,0,0,Slavia Prague
0,Final,0,0,0,0,0,Slavia Prague
6,All Time Record,1,3,2,8,8,Anorthosis Famagusta
6,Group Stage,1,3,2,8,8,Anorthosis Famagusta
0,Round of 16,0,0,0,0,0,Anorthosis Famagusta
0,Quarter-finals,0,0,0,0,0,Anorthosis Famagusta
0,Semi-finals,0,0,0,0,0,Anorthosis Famagusta
0,Final,0,0,0,0,0,Anorthosis Famagusta
6,All Time Record,1,2,3,9,19,Ferencvaros
6,Group Stage,1,2,3,9,19,Ferencvaros
0,Round of 16,0,0,0,0,0,Ferencvaros
0,Quarter-finals,0,0,0,0,0,Ferencvaros
0,Semi-finals,0,0,0,0,0,Ferencvaros
0,Final,0,0,0,0,0,Ferencvaros
6,All Time Record,1,1,4,5,8,Blackburn Rovers
6,Group Stage,1,1,4,5,8,Blackburn Rovers
0,Round of 16,0,0,0,0,0,Blackburn Rovers
0,Quarter-finals,0,0,0,0,0,Blackburn Rovers
0,Semi-finals,0,0,0,0,0,Blackburn Rovers
0,Final,0,0,0,0,0,Blackburn Rovers
6,All Time Record,1,2,3,8,12,HJK Helsinki
6,Group Stage,1,2,3,8,12,HJK Helsinki
0,Round of 16,0,0,0,0,0,HJK Helsinki
0,Quarter-finals,0,0,0,0,0,HJK Helsinki
0,Semi-finals,0,0,0,0,0,HJK Helsinki
0,Final,0,0,0,0,0,HJK Helsinki
6,All Time Record,1,1,4,5,14,FC Zurich
6,Group Stage,1,1,4,5,14,FC Zurich
0,Round of 16,0,0,0,0,0,FC Zurich
0,Quarter-finals,0,0,0,0,0,FC Zurich
0,Semi-finals,0,0,0,0,0,FC Zurich
0,Final,0,0,0,0,0,FC Zurich
6,All Time Record,1,0,5,4,18,Brondby
6,Group Stage,1,0,5,4,18,Brondby
0,Round of 16,0,0,0,0,0,Brondby
0,Quarter-finals,0,0,0,0,0,Brondby
0,Semi-finals,0,0,0,0,0,Brondby
0,Final,0,0,0,0,0,Brondby
6,All Time Record,1,1,4,6,10,Widzew Lodz
6,Group Stage,1,1,4,6,10,Widzew Lodz
0,Round of 16,0,0,0,0,0,Widzew Lodz
0,Quarter-finals,0,0,0,0,0,Widzew Lodz
0,Semi-finals,0,0,0,0,0,Widzew Lodz
0,Final,0,0,0,0,0,Widzew Lodz
12,All Time Record,1,1,10,5,28,Maccabi Tel Aviv
12,Group Stage,1,1,10,5,28,Maccabi Tel Aviv
0,Round of 16,0,0,0,0,0,Maccabi Tel Aviv
0,Quarter-finals,0,0,0,0,0,Maccabi Tel Aviv
0,Semi-finals,0,0,0,0,0,Maccabi Tel Aviv
0,Final,0,0,0,0,0,Maccabi Tel Aviv
6,All Time Record,1,1,4,3,9,SC Heerenveen
6,Group Stage,1,1,4,3,9,SC Heerenveen
0,Round of 16,0,0,0,0,0,SC Heerenveen
0,Quarter-finals,0,0,0,0,0,SC Heerenveen
0,Semi-finals,0,0,0,0,0,SC Heerenveen
0,Final,0,0,0,0,0,SC Heerenveen
6,All Time Record,1,3,2,9,11,FC Twente
6,Group Stage,1,3,2,9,11,FC Twente
0,Round of 16,0,0,0,0,0,FC Twente
0,Quarter-finals,0,0,0,0,0,FC Twente
0,Semi-finals,0,0,0,0,0,FC Twente
0,Final,0,0,0,0,0,FC Twente
6,All Time Record,1,2,3,7,10,Hapoel Tel Aviv
6,Group Stage,1,2,3,7,10,Hapoel Tel Aviv
0,Round of 16,0,0,0,0,0,Hapoel Tel Aviv
0,Quarter-finals,0,0,0,0,0,Hapoel Tel Aviv
0,Semi-finals,0,0,0,0,0,Hapoel Tel Aviv
0,Final,0,0,0,0,0,Hapoel Tel Aviv
6,All Time Record,1,3,2,5,9,Artmedia Bratislava
6,Group Stage,1,3,2,5,9,Artmedia Bratislava
0,Round of 16,0,0,0,0,0,Artmedia Bratislava
0,Quarter-finals,0,0,0,0,0,Artmedia Bratislava
0,Semi-finals,0,0,0,0,0,Artmedia Bratislava
0,Final,0,0,0,0,0,Artmedia Bratislava
6,All Time Record,1,2,3,6,14,Helsingborgs IF
6,Group Stage,1,2,3,6,14,Helsingborgs IF
0,Round of 16,0,0,0,0,0,Helsingborgs IF
0,Quarter-finals,0,0,0,0,0,Helsingborgs IF
0,Semi-finals,0,0,0,0,0,Helsingborgs IF
0,Final,0,0,0,0,0,Helsingborgs IF
6,All Time Record,1,0,5,6,14,Molde FK
6,Group Stage,1,0,5,6,14,Molde FK
0,Round of 16,0,0,0,0,0,Molde FK
0,Quarter-finals,0,0,0,0,0,Molde FK
0,Semi-finals,0,0,0,0,0,Molde FK
0,Final,0,0,0,0,0,Molde FK
6,All Time Record,1,2,3,5,10,FK Austria Wien
6,Group Stage,1,2,3,5,10,FK Austria Wien
0,Round of 16,0,0,0,0,0,FK Austria Wien
0,Quarter-finals,0,0,0,0,0,FK Austria Wien
0,Semi-finals,0,0,0,0,0,FK Austria Wien
0,Final,0,0,0,0,0,FK Austria Wien
6,All Time Record,1,1,4,4,12,BSC Young Boys
6,Group Stage,1,1,4,4,12,BSC Young Boys
0,Round of 16,0,0,0,0,0,BSC Young Boys
0,Quarter-finals,0,0,0,0,0,BSC Young Boys
0,Semi-finals,0,0,0,0,0,BSC Young Boys
0,Final,0,0,0,0,0,BSC Young Boys
6,All Time Record,1,4,1,3,5,Trabzonspor
6,Group Stage,1,4,1,3,5,Trabzonspor
0,Round of 16,0,0,0,0,0,Trabzonspor
0,Quarter-finals,0,0,0,0,0,Trabzonspor
0,Semi-finals,0,0,0,0,0,Trabzonspor
0,Final,0,0,0,0,0,Trabzonspor
6,All Time Record,1,2,3,6,12,FK Rostov
6,Group Stage,1,2,3,6,12,FK Rostov
0,Round of 16,0,0,0,0,0,FK Rostov
0,Quarter-finals,0,0,0,0,0,FK Rostov
0,Semi-finals,0,0,0,0,0,FK Rostov
0,Final,0,0,0,0,0,FK Rostov
6,All Time Record,1,1,4,4,9,FC Thun
6,Group Stage,1,1,4,4,9,FC Thun
0,Round of 16,0,0,0,0,0,FC Thun
0,Quarter-finals,0,0,0,0,0,FC Thun
0,Semi-finals,0,0,0,0,0,FC Thun
0,Final,0,0,0,0,0,FC Thun
18,All Time Record,1,7,10,9,41,NK Maribor
18,Group Stage,1,7,10,9,41,NK Maribor
0,Round of 16,0,0,0,0,0,NK Maribor
0,Quarter-finals,0,0,0,0,0,NK Maribor
0,Semi-finals,0,0,0,0,0,NK Maribor
0,Final,0,0,0,0,0,NK Maribor
12,All Time Record,1,4,7,11,29,Ludogorets Razgrad
12,Group Stage,1,4,7,11,29,Ludogorets Razgrad
0,Round of 16,0,0,0,0,0,Ludogorets Razgrad
0,Quarter-finals,0,0,0,0,0,Ludogorets Razgrad
0,Semi-finals,0,0,0,0,0,Ludogorets Razgrad
0,Final,0,0,0,0,0,Ludogorets Razgrad
12,All Time Record,0,2,10,5,27,Rapid Wien
12,Group Stage,0,2,10,5,27,Rapid Wien
0,Round of 16,0,0,0,0,0,Rapid Wien
0,Quarter-finals,0,0,0,0,0,Rapid Wien
0,Semi-finals,0,0,0,0,0,Rapid Wien
0,Final,0,0,0,0,0,Rapid Wien
6,All Time Record,0,2,4,7,15,Willem II Tilburg
6,Group Stage,0,2,4,7,15,Willem II Tilburg
0,Round of 16,0,0,0,0,0,Willem II Tilburg
0,Quarter-finals,0,0,0,0,0,Willem II Tilburg
0,Semi-finals,0,0,0,0,0,Willem II Tilburg
0,Final,0,0,0,0,0,Willem II Tilburg
18,All Time Record,0,8,10,9,45,KRC Genk
18,Group Stage,0,8,10,9,45,KRC Genk
0,Round of 16,0,0,0,0,0,KRC Genk
0,Quarter-finals,0,0,0,0,0,KRC Genk
0,Semi-finals,0,0,0,0,0,KRC Genk
0,Final,0,0,0,0,0,KRC Genk
6,All Time Record,0,0,6,3,19,MSK Zilina
6,Group Stage,0,0,6,3,19,MSK Zilina
0,Round of 16,0,0,0,0,0,MSK Zilina
0,Quarter-finals,0,0,0,0,0,MSK Zilina
0,Semi-finals,0,0,0,0,0,MSK Zilina
0,Final,0,0,0,0,0,MSK Zilina
6,All Time Record,0,4,2,5,11,FC Astana
6,Group Stage,0,4,2,5,11,FC Astana
0,Round of 16,0,0,0,0,0,FC Astana
0,Quarter-finals,0,0,0,0,0,FC Astana
0,Semi-finals,0,0,0,0,0,FC Astana
0,Final,0,0,0,0,0,FC Astana
12,All Time Record,0,3,9,5,21,Partizan Belgrade
12,Group Stage,0,3,9,5,21,Partizan Belgrade
0,Round of 16,0,0,0,0,0,Partizan Belgrade
0,Quarter-finals,0,0,0,0,0,Partizan Belgrade
0,Semi-finals,0,0,0,0,0,Partizan Belgrade
0,Final,0,0,0,0,0,Partizan Belgrade
6,All Time Record,0,0,6,3,11,Otelul Galati
6,Group Stage,0,0,6,3,11,Otelul Galati
0,Round of 16,0,0,0,0,0,Otelul Galati
0,Quarter-finals,0,0,0,0,0,Otelul Galati
0,Semi-finals,0,0,0,0,0,Otelul Galati
0,Final,0,0,0,0,0,Otelul Galati
6,All Time Record,0,2,4,6,12,Montpellier HSC
6,Group Stage,0,2,4,6,12,Montpellier HSC
0,Round of 16,0,0,0,0,0,Montpellier HSC
0,Quarter-finals,0,0,0,0,0,Montpellier HSC
0,Semi-finals,0,0,0,0,0,Montpellier HSC
0,Final,0,0,0,0,0,Montpellier HSC
6,All Time Record,0,0,6,2,13,1. FC Kosice
6,Group Stage,0,0,6,2,13,1. FC Kosice
0,Round of 16,0,0,0,0,0,1. FC Kosice
0,Quarter-finals,0,0,0,0,0,1. FC Kosice
0,Semi-finals,0,0,0,0,0,1. FC Kosice
0,Final,0,0,0,0,0,1. FC Kosice
6,All Time Record,0,0,6,5,19,Debreceni VSC
6,Group Stage,0,0,6,5,19,Debreceni VSC
0,Round of 16,0,0,0,0,0,Debreceni VSC
0,Quarter-finals,0,0,0,0,0,Debreceni VSC
0,Semi-finals,0,0,0,0,0,Debreceni VSC
0,Final,0,0,0,0,0,Debreceni VSC
6,All Time Record,0,1,5,4,16,AIK Solna
6,Group Stage,0,1,5,4,16,AIK Solna
0,Round of 16,0,0,0,0,0,AIK Solna
0,Quarter-finals,0,0,0,0,0,AIK Solna
0,Semi-finals,0,0,0,0,0,AIK Solna
0,Final,0,0,0,0,0,AIK Solna
6,All Time Record,0,1,5,3,12,Lierse SK
6,Group Stage,0,1,5,3,12,Lierse SK
0,Round of 16,0,0,0,0,0,Lierse SK
0,Quarter-finals,0,0,0,0,0,Lierse SK
0,Semi-finals,0,0,0,0,0,Lierse SK
0,Final,0,0,0,0,0,Lierse SK
6,All Time Record,0,2,4,2,14,Qarabag FK
6,Group Stage,0,2,4,2,14,Qarabag FK
0,Round of 16,0,0,0,0,0,Qarabag FK
0,Quarter-finals,0,0,0,0,0,Qarabag FK
0,Semi-finals,0,0,0,0,0,Qarabag FK
0,Final,0,0,0,0,0,Qarabag FK
6,All Time Record,0,3,3,3,8,AZ Alkmaar
6,Group Stage,0,3,3,3,8,AZ Alkmaar
0,Round of 16,0,0,0,0,0,AZ Alkmaar
0,Quarter-finals,0,0,0,0,0,AZ Alkmaar
0,Semi-finals,0,0,0,0,0,AZ Alkmaar
0,Final,0,0,0,0,0,AZ Alkmaar
6,All Time Record,0,1,5,2,16,Bursaspor
6,Group Stage,0,1,5,2,16,Bursaspor
0,Round of 16,0,0,0,0,0,Bursaspor
0,Quarter-finals,0,0,0,0,0,Bursaspor
0,Semi-finals,0,0,0,0,0,Bursaspor
0,Final,0,0,0,0,0,Bursaspor
6,All Time Record,0,3,3,11,14,TSG 1899 Hoffenheim
6,Group Stage,0,3,3,11,14,TSG 1899 Hoffenheim
0,Round of 16,0,0,0,0,0,TSG 1899 Hoffenheim
0,Quarter-finals,0,0,0,0,0,TSG 1899 Hoffenheim
0,Semi-finals,0,0,0,0,0,TSG 1899 Hoffenheim
0,Final,0,0,0,0,0,TSG 1899 Hoffenheim
6,All Time Record,0,1,5,4,22,Nordsjaelland
6,Group Stage,0,1,5,4,22,Nordsjaelland
0,Round of 16,0,0,0,0,0,Nordsjaelland
0,Quarter-finals,0,0,0,0,0,Nordsjaelland
0,Semi-finals,0,0,0,0,0,Nordsjaelland
0,Final,0,0,0,0,0,Nordsjaelland
6,All Time Record,0,0,6,1,17,Levski Sofia
6,Group Stage,0,0,6,1,17,Levski Sofia
0,Round of 16,0,0,0,0,0,Levski Sofia
0,Quarter-finals,0,0,0,0,0,Levski Sofia
0,Semi-finals,0,0,0,0,0,Levski Sofia
0,Final,0,0,0,0,0,Levski Sofia
