"Rank","Player_Name","Position","Total_Appearance","Goals","Assists","Yellow","Yellow_2","Red","Total_Started","Started_as_sub","Came_on","Taken_Off","Penalty_Scored","Penalty_Saved","Penalty_Missed","Penalty_Conceded","Own_Goal"
"1","Cristiano Ronaldo","Forward",6,4,0,2,0,0,6,0,0,0,1,0,0,0,0
"2","Paolo Maldini","Defender",6,1,0,0,0,0,6,0,0,1,0,0,0,0,0
"3","Patrice Evra","Defender",5,0,0,0,0,0,5,0,0,1,0,0,0,0,0
"4","Clarence Seedorf","Midfielder",5,0,0,1,0,0,5,0,0,3,0,0,0,0,0
"5","Edwin van der Sar","Goalkeeper",5,0,0,0,0,0,5,0,0,0,0,0,0,0,0
"6","Sergio Ramos","Defender",4,2,0,3,0,0,4,0,0,0,0,0,0,0,0
"7","Fernando Morientes","Forward",4,1,0,0,0,0,4,0,0,2,0,0,0,0,0
"8","Karim Benzema","Forward",4,1,0,0,0,0,4,0,0,4,0,0,0,0,0
"9","Luka Modric","Midfielder",4,0,2,0,0,0,4,0,0,0,0,0,0,0,0
"10","Daniel Carvajal","Defender",4,0,1,2,0,0,4,0,0,2,0,0,0,0,0
"11","Toni Kroos","Midfielder",4,0,1,1,0,0,4,0,0,2,0,0,0,0,0
"12","Andrea Pirlo","Midfielder",4,0,1,0,0,0,4,0,0,1,0,0,0,0,0
"13","Didier Deschamps","Midfielder",4,0,0,1,0,0,4,1,0,1,0,0,0,0,0
"14","Edgar Davids","Midfielder",4,0,0,1,0,0,4,0,0,1,0,0,0,0,0
"15","Marcelo","Defender",4,1,3,1,0,0,3,1,1,0,0,0,0,0,0
"16","Alessandro Del Piero","Forward",4,1,0,1,0,0,3,1,1,0,0,0,0,0,0
"17","Andres Iniesta","Midfielder",4,0,1,0,0,0,3,1,1,2,0,0,0,0,0
"18","Ryan Giggs","Midfielder",4,0,1,0,0,0,3,1,1,1,0,0,0,0,0
"19","Gareth Bale","Midfielder",4,3,1,0,0,0,2,2,2,0,0,0,0,0,0
"20","Isco","Midfielder",4,0,0,0,0,0,2,2,2,2,0,0,0,0,0
"21","Filippo Inzaghi","Forward",3,2,0,0,0,0,3,0,0,1,0,0,0,0,0
"22","Raul","Forward",3,2,0,0,0,0,3,0,0,1,0,0,0,0,0
"23","Daniele Massaro","Midfielder",3,2,0,1,0,0,3,0,0,1,0,0,0,0,0
"24","Samuel Eto'o","Forward",3,2,0,0,0,0,3,0,0,0,0,0,0,0,0
"25","Lionel Messi","Forward",3,2,0,0,0,0,3,0,0,0,0,0,0,0,0
"26","Arjen Robben","Midfielder",3,1,1,0,0,0,3,0,0,0,0,0,1,0,0
"27","Wayne Rooney","Forward",3,1,0,0,0,0,3,0,0,1,0,0,0,0,0
"28","Marcel Desailly","Midfielder",3,1,0,0,0,0,3,0,0,0,0,0,0,0,0
"29","Thomas Muller","Forward",3,1,0,0,0,0,3,0,0,1,0,0,0,0,0
"30","Zinedine Zidane","Midfielder",3,1,0,0,0,0,3,0,0,0,0,0,0,0,0
"31","Casemiro","Midfielder",3,1,0,1,0,0,3,0,0,0,0,0,0,0,0
"32","Roberto Carlos","Defender",3,0,1,3,0,0,3,0,0,0,0,0,0,0,0
"33","Christian Panucci","Defender",3,0,0,1,0,0,3,0,0,0,0,0,0,0,0
"34","Gennaro Gattuso","Midfielder",3,0,0,1,0,0,3,0,0,1,0,0,0,0,0
"35","Angelo Peruzzi","Goalkeeper",3,0,0,0,0,0,3,0,0,0,0,0,0,0,0
"36","Nemanja Vidic","Defender",3,0,0,2,0,0,3,0,0,0,0,0,0,0,0
"37","Michael Carrick","Midfielder",3,0,0,1,0,0,3,0,0,1,0,0,0,0,0
"38","Dida","Goalkeeper",3,0,0,0,0,0,3,0,0,0,0,1,0,0,0
"39","Jocelyn Angloma","Defender",3,0,0,0,0,0,3,0,0,1,0,0,0,0,0
"40","Philipp Lahm","Defender",3,0,0,0,0,0,3,0,0,0,0,0,0,0,0
"41","Raphael Varane","Defender",3,0,0,1,0,0,3,0,0,0,0,0,0,0,0
"42","Victor Valdes","Goalkeeper",3,0,0,1,0,0,3,0,0,0,0,0,0,0,0
"43","Gianluigi Buffon","Goalkeeper",3,0,0,0,0,0,3,0,0,0,0,0,0,0,0
"44","Alessandro Nesta","Defender",3,0,0,0,0,0,3,0,0,0,0,0,0,0,0
"45","Demetrio Albertini","Midfielder",3,0,0,1,0,0,3,0,0,0,0,0,0,0,0
"46","Gerard Pique","Defender",3,0,0,1,0,0,3,0,0,0,0,0,0,0,0
"47","Javier Mascherano","Midfielder",3,0,0,1,0,0,3,0,0,1,0,0,0,0,0
"48","Keylor Navas","Goalkeeper",3,0,0,1,0,0,3,0,0,0,0,0,1,0,0
"49","Paolo Montero","Defender",3,0,0,1,0,0,3,0,0,0,0,0,0,0,0
"50","Roberto Donadoni","Midfielder",3,0,0,0,0,0,3,0,0,1,0,0,0,0,0
"51","Bastian Schweinsteiger","Midfielder",3,0,0,1,0,0,3,0,0,0,0,0,0,0,0
"52","Alessandro Costacurta","Defender",3,0,0,1,0,0,3,1,0,1,0,0,0,0,0
"53","Sebastiano Rossi","Goalkeeper",3,0,0,0,0,0,3,0,0,0,0,0,0,0,0
"54","Ciro Ferrara","Defender",3,0,0,0,0,0,3,0,0,0,0,0,0,0,0
"55","Sergio Busquets","Midfielder",3,0,0,0,0,0,3,0,0,0,0,0,0,0,0
"56","Dani Alves","Defender",3,0,0,1,0,0,3,0,0,1,0,0,0,0,0
"57","Ashley Cole","Defender",3,0,0,1,0,0,3,0,0,0,0,0,0,0,0
"58","Rio Ferdinand","Defender",3,0,0,1,0,0,3,0,0,0,0,0,0,0,0
"59","Xavi","Midfielder",3,0,1,0,0,0,2,2,1,0,0,0,0,0,0
"60","Fernando Hierro","Defender",3,0,0,1,0,0,2,1,1,0,0,0,0,0,0
"61","Carles Puyol","Defender",3,0,0,0,0,0,2,1,1,0,0,0,0,0,0
"62","Filipe Luis","Defender",3,0,0,0,0,0,2,0,1,1,0,0,0,0,0
"63","Carlos Tevez","Forward",3,0,0,1,0,0,2,1,1,0,0,0,0,0,0
"64","Iker Casillas","Goalkeeper",3,0,0,0,0,0,2,1,1,0,0,0,0,0,0
"65","Angelo Di Livio","Midfielder",3,0,0,1,0,0,2,1,1,1,0,0,0,0,0
"66","Pedro Rodriguez","Midfielder",3,1,1,0,0,0,1,2,2,1,0,0,0,0,0
"67","Alvaro Morata","Forward",3,1,0,0,0,0,1,2,2,1,0,0,0,0,0
"68","Antonio Conte","Midfielder",3,0,0,0,0,0,1,2,2,1,0,0,0,0,0
"69","Alessio Tacchinardi","Midfielder",3,0,0,1,0,0,1,2,2,0,0,0,0,0,0
"70","Mario Gomez","Forward",3,0,0,0,0,0,1,2,2,0,0,0,0,0,0
"71","Paul Scholes","Midfielder",3,0,0,2,0,0,1,2,2,1,0,0,0,0,0
"72","Mario Mandzukic","Forward",2,2,0,0,0,0,2,0,0,1,0,0,0,0,0
"73","David Villa","Forward",2,1,0,1,0,0,2,0,0,1,0,0,0,0,0
"74","Diego Godin","Defender",2,1,0,1,0,0,2,0,0,0,0,0,0,0,0
"75","Frank Lampard","Midfielder",2,1,0,0,0,0,2,0,0,0,0,0,0,0,0
"76","Deco","Midfielder",2,1,0,0,0,0,2,0,0,1,0,0,0,0,0
"77","Sadio Mane","Midfielder",2,1,0,1,0,0,2,0,0,1,0,0,0,0,0
"78","Stefan Effenberg","Midfielder",2,1,0,1,0,0,2,0,0,0,1,0,0,0,0
"79","Xabi Alonso","Midfielder",2,1,0,0,0,0,2,0,0,0,0,0,1,0,0
"80","Jari Litmanen","Midfielder",2,1,0,0,0,0,2,0,0,1,0,0,0,0,0
"81","Steven Gerrard","Midfielder",2,1,0,0,0,0,2,0,0,0,0,0,0,0,0
"82","Mohamed Salah","Forward",2,1,0,0,0,0,2,0,0,1,1,0,0,0,0
"83","Gaizka Mendieta","Midfielder",2,1,0,0,0,0,2,0,0,0,1,0,0,0,0
"84","Lucio","Defender",2,1,0,0,0,0,2,0,0,1,0,0,0,0,0
"85","Didier Drogba","Forward",2,1,0,1,0,1,2,0,0,0,0,0,0,0,0
"86","Juanfran","Defender",2,0,2,1,0,0,2,0,0,0,0,0,0,0,0
"87","Franck Ribery","Midfielder",2,0,1,1,0,0,2,0,0,2,0,0,0,0,0
"88","Kaka","Midfielder",2,0,1,0,0,0,2,0,0,0,0,0,0,0,0
"89","Michael Ballack","Midfielder",2,0,0,1,0,0,2,0,0,0,0,0,0,0,0
"90","Santiago Canizares","Goalkeeper",2,0,0,2,0,0,2,1,0,0,0,1,0,1,0
"91","Alen Boksic","Forward",2,0,0,0,0,0,2,0,0,1,0,0,0,0,0
"92","Samuel Kuffour","Defender",2,0,0,0,0,0,2,0,0,0,0,0,0,0,0
"93","Fernando Redondo","Midfielder",2,0,0,0,0,0,2,0,0,0,0,0,0,0,0
"94","Steve Finnan","Defender",2,0,0,0,0,0,2,0,0,2,0,0,0,0,0
"95","Jamie Carragher","Defender",2,0,0,2,0,0,2,0,0,0,0,0,0,0,0
"96","John Arne Riise","Defender",2,0,0,0,0,0,2,0,0,0,0,0,0,0,0
"97","Thierry Henry","Forward",2,0,0,1,0,0,2,0,0,1,0,0,0,0,0
"98","Jorge Koke","Midfielder",2,0,0,1,0,0,2,0,0,1,0,0,0,0,0
"99","Moreno Torricelli","Defender",2,0,0,1,0,0,2,0,0,0,0,0,0,0,0
"100","Mauricio Pellegrino","Defender",2,0,0,1,0,0,2,0,0,0,0,0,0,0,0
"101","Paulo Sousa","Midfielder",2,0,0,1,0,0,2,0,0,1,0,0,0,0,0
"102","Ronald de Boer","Midfielder",2,0,0,0,0,0,2,0,0,1,0,0,0,0,0
"103","Ludovic Giuly","Midfielder",2,0,0,0,0,0,2,0,0,1,0,0,0,0,0
"104","Jordan Henderson","Midfielder",2,0,0,0,0,0,2,0,0,0,0,0,0,0,0
"105","Claude Makelele","Midfielder",2,0,0,1,0,0,2,0,0,2,0,0,0,0,0
"106","Leonardo Bonucci","Defender",2,0,0,0,0,0,2,0,0,0,0,0,0,0,0
"107","Mark van Bommel","Midfielder",2,0,0,1,0,0,2,0,0,1,0,0,0,0,0
"108","Frank Rijkaard","Midfielder",2,0,0,0,0,0,2,0,0,0,0,0,0,0,0
"109","Ivan Helguera","Midfielder",2,0,0,0,0,0,2,0,0,0,0,0,0,0,0
"110","Sami Khedira","Midfielder",2,0,0,1,0,0,2,0,0,1,0,0,0,0,0
"111","Gianluca Pessotto","Defender",2,0,0,0,0,0,2,1,0,1,0,0,0,0,0
"112","Kily Gonzalez","Midfielder",2,0,0,1,0,0,2,0,0,0,0,0,0,0,0
"113","Ji Sung Park","Midfielder",2,0,0,0,0,0,2,0,0,1,0,0,0,0,0
"114","Mark Iuliano","Defender",2,0,0,1,0,0,2,1,0,0,0,0,0,0,0
"115","Andrea Barzagli","Defender",2,0,0,0,0,0,2,0,0,1,0,0,0,0,0
"116","Finidi George","Forward",2,0,0,1,0,0,2,0,0,0,0,0,0,0,0
"117","Frank de Boer","Defender",2,0,0,0,0,0,2,0,0,1,0,0,0,0,0
"118","Andrew Robertson","Defender",2,0,0,0,0,0,2,0,0,0,0,0,0,0,0
"119","Danny Blind","Defender",2,0,0,2,0,0,2,0,0,0,0,0,0,0,0
"120","Trent Alexander-Arnold","Defender",2,0,0,0,0,0,2,0,0,0,0,0,0,0,0
"121","Zvonimar Boban","Midfielder",2,0,0,0,0,0,2,0,0,1,0,0,0,0,0
"122","Virgil van Dijk","Defender",2,0,0,0,0,0,2,0,0,0,0,0,0,0,0
"123","Georginio Wijnaldum","Midfielder",2,0,0,0,0,0,2,0,0,1,0,0,0,0,0
"124","Michel Salgado","Defender",2,0,0,2,0,0,2,0,0,1,0,0,0,0,0
"125","Franco Baresi","Defender",2,0,0,0,0,0,2,0,0,0,0,0,0,0,0
"126","Fernandez Gabi","Midfielder",2,0,0,2,0,0,2,0,0,0,0,0,0,0,0
"127","Oliver Kahn","Goalkeeper",2,0,0,0,0,0,2,0,0,0,0,0,0,0,0
"128","Roberto Firmino","Midfielder",2,0,0,0,0,0,2,0,0,1,0,0,0,0,0
"129","Mauro Tassotti","Defender",2,0,0,1,0,0,2,0,0,0,0,0,0,0,0
"130","Hans-Jorg Butt","Goalkeeper",2,0,0,0,0,0,2,1,0,0,0,0,0,0,0
"131","Thomas Linke","Defender",2,0,0,0,0,0,2,0,0,0,0,0,0,0,0
"132","Andriy Shevchenko","Forward",2,0,0,0,0,0,2,1,0,0,0,0,0,0,0
"133","Petr Cech","Goalkeeper",2,0,0,0,0,0,2,0,0,0,0,1,0,0,0
"134","Owen Hargreaves","Midfielder",2,0,0,0,0,0,2,0,0,0,0,0,0,0,0
"135","Ricardo Carvalho","Defender",2,0,0,1,0,0,2,0,0,0,0,0,0,0,0
"136","Manuel Neuer","Goalkeeper",2,0,0,0,0,0,2,0,0,0,0,0,0,1,0
"137","Jaap Stam","Defender",2,0,0,0,0,0,2,0,0,0,0,0,0,0,0
"138","Jerome Boateng","Defender",2,0,0,0,0,0,2,0,0,0,0,0,0,0,0
"139","Steve McManaman","Midfielder",2,1,0,0,0,0,1,1,1,0,0,0,0,0,0
"140","James Milner","Midfielder",2,0,0,0,0,0,1,1,1,1,0,0,0,0,0
"141","Fernando Torres","Forward",2,0,0,2,0,0,1,1,1,0,0,0,0,0,0
"142","Claudio Marchisio","Midfielder",2,0,0,0,0,0,1,1,1,0,0,0,0,0,0
"143","Toby Alderweireld","Defender",2,0,0,0,0,0,1,1,1,0,0,0,0,0,0
"144","Kakha Kaladze","Defender",2,0,0,0,0,0,1,2,1,0,0,0,0,0,0
"145","Hasan Salihamidzic","Forward",2,0,0,0,0,0,1,1,1,0,0,0,0,0,0
"146","Nicolas Anelka","Forward",2,0,0,0,0,0,1,1,1,1,0,0,0,0,0
"147","Harry Kewell","Forward",2,0,0,0,0,0,1,1,1,1,0,0,0,0,0
"148","Vladimir Jugovic","Midfielder",2,0,0,1,0,0,1,1,1,0,0,0,0,0,0
"149","Mehmet Scholl","Midfielder",2,0,0,0,0,0,1,1,1,1,0,0,1,0,0
"150","Salomon Kalou","Forward",2,0,0,0,0,0,1,1,1,1,0,0,0,0,0
"151","Miroslav Djukic","Defender",2,0,0,0,0,0,1,1,1,0,0,0,0,0,0
"152","Nwankwo Kanu","Forward",2,0,0,0,0,0,1,1,1,0,0,0,0,0,0
"153","Daniel van Buyten","Defender",2,0,0,0,0,0,1,2,1,0,0,0,0,0,0
"154","Massimo Ambrosini","Defender",2,0,0,0,0,0,1,1,1,0,0,0,0,0,0
"155","Florent Malouda","Midfielder",2,0,0,0,0,0,1,1,1,1,0,0,0,0,0
"156","Gianluigi Lentini","Midfielder",2,0,0,1,0,0,1,2,1,0,0,0,0,0,0
"157","Ivica Olic","Forward",2,0,0,0,0,0,1,1,1,1,0,0,0,0,0
"158","Rui Costa","Midfielder",2,0,0,0,0,0,1,1,1,1,0,0,0,0,0
"159","Carsten Jancker","Forward",2,0,0,0,0,0,1,1,1,0,0,0,0,0,0
"160","Alexander Zickler","Forward",2,0,0,0,0,0,1,1,1,1,0,0,0,0,0
"161","Anderson","Midfielder",2,0,0,0,0,0,1,2,1,1,0,0,0,0,0
"162","Manolo Sanchis","Defender",2,0,0,0,0,0,1,1,1,0,0,0,0,0,0
"163","Juliano Belletti","Defender",2,1,0,0,0,0,0,2,2,0,0,0,0,0,0
"164","Patrick Kluivert","Forward",2,1,0,0,0,0,0,2,2,0,0,0,0,0,0
"165","Marco Asensio","Midfielder",2,1,0,0,0,0,0,2,2,0,0,0,0,0,0
"166","Stefano Eranio","Midfielder",2,0,0,0,0,0,0,2,2,0,0,0,0,0,0
"167","Nani","Midfielder",2,0,0,0,0,0,0,3,2,0,0,0,0,0,0
"168","Seydou Keita","Midfielder",2,0,0,0,0,0,0,2,2,0,0,0,0,0,0
"169","Dimitar Berbatov","Forward",2,0,0,0,0,0,0,2,2,0,0,0,0,0,0
"170","Fernando Llorente","Forward",2,0,0,0,0,0,0,2,2,0,0,0,0,0,0
"171","Serginho","Midfielder",2,0,0,0,0,0,0,3,2,0,0,0,0,0,0
"172","Diego Milito","Forward",1,2,0,0,0,0,1,0,0,1,0,0,0,0,0
"173","Hernan Crespo","Forward",1,2,0,0,0,0,1,0,0,1,0,0,0,0,0
"174","Karlheinz Riedle","Forward",1,2,0,0,0,0,1,0,0,0,0,0,0,0,0
"175","Basile Boli","Defender",1,1,0,1,0,0,1,0,0,0,0,0,0,0,0
"176","Ilkay Gundogan","Midfielder",1,1,0,0,0,0,1,0,0,0,1,0,0,0,0
"177","Luis Suarez","Forward",1,1,0,1,0,0,1,0,0,1,0,0,0,0,0
"178","Carlos Alberto","Midfielder",1,1,0,1,0,0,1,0,0,1,0,0,0,0,0
"179","Neymar","Forward",1,1,0,0,0,0,1,0,0,0,0,0,0,0,0
"180","Dejan Savicevic","Midfielder",1,1,0,0,0,0,1,0,0,0,0,0,0,0,0
"181","Sol Campbell","Defender",1,1,0,0,0,0,1,0,0,0,0,0,0,0,0
"182","Ivan Rakitic","Midfielder",1,1,0,0,0,0,1,0,0,1,0,0,0,0,0
"183","Fabrizio Ravanelli","Forward",1,1,0,0,0,0,1,0,0,1,0,0,0,0,0
"184","Dirk Kuyt","Forward",1,1,0,0,0,0,1,0,0,0,0,0,0,0,0
"185","Predrag Mijatovic","Forward",1,1,0,0,0,0,1,0,0,1,0,0,0,0,0
"186","Mario Basler","Midfielder",1,1,0,0,0,0,1,0,0,1,0,0,0,0,0
"187","Joel Matip","Defender",1,0,1,0,0,0,1,0,0,0,0,0,0,0,0
"188","Wes Brown","Defender",1,0,1,0,0,0,1,1,0,1,0,0,0,0,0
"189","Dejan Lovren","Defender",1,0,1,0,0,0,1,1,0,0,0,0,0,0,0
"190","Gonzalo Higuain","Forward",1,0,1,0,0,0,1,0,0,0,0,0,0,0,0
"191","Juan Mata","Midfielder",1,0,1,0,0,0,1,0,0,0,0,0,0,0,0
"192","Jermaine Pennant","Midfielder",1,0,0,0,0,0,1,0,0,0,0,0,0,0,0
"193","Jean-Jacques Eydelie","Defender",1,0,0,0,0,0,1,0,0,0,0,0,0,0,0
"194","Eric Di Meco","Defender",1,0,0,1,0,0,1,0,0,0,0,0,0,0,0
"195","Miguel Angel Nadal","Defender",1,0,0,1,0,0,1,0,0,0,0,0,0,0,0
"196","Javier Zanetti","Midfielder",1,0,0,0,0,0,1,0,0,0,0,0,0,0,0
"197","Gary Cahill","Defender",1,0,0,0,0,0,1,0,0,0,0,0,0,0,0
"198","Harry Winks","Midfielder",1,0,0,0,0,0,1,0,0,1,0,0,0,0,0
"199","Guillermo Amor","Midfielder",1,0,0,0,0,0,1,0,0,0,0,0,0,0,0
"200","Augusto Fernandez","Midfielder",1,0,0,0,0,0,1,0,0,1,0,0,0,0,0
"201","David Luiz","Defender",1,0,0,1,0,0,1,0,0,0,0,0,0,0,0
"202","Esteban Cambiasso","Midfielder",1,0,0,0,0,0,1,0,0,0,0,0,0,0,0
"203","Sergi","Defender",1,0,0,1,0,0,1,0,0,1,0,0,0,0,0
"204","Kieran Trippier","Defender",1,0,0,0,0,0,1,0,0,0,0,0,0,0,0
"205","Jose Bosingwa","Defender",1,0,0,0,0,0,1,1,0,0,0,0,0,0,0
"206","Kiki Musampa","Midfielder",1,0,0,0,0,0,1,0,0,1,0,0,0,0,0
"207","Ryan Bertrand","Defender",1,0,0,0,0,0,1,0,0,1,0,0,0,0,0
"208","Yaya Toure","Midfielder",1,0,0,0,0,0,1,0,0,0,0,0,0,0,0
"209","John Mikel Obi","Midfielder",1,0,0,0,0,0,1,1,0,0,0,0,0,0,0
"210","Hristo Stoichkov","Forward",1,0,0,1,0,0,1,0,0,0,0,0,0,0,0
"211","Diego Contento","Defender",1,0,0,0,0,0,1,1,0,0,0,0,0,0,0
"212","John Carew","Forward",1,0,0,0,0,0,1,0,0,0,0,0,0,0,0
"213","Sven Bender","Midfielder",1,0,0,0,0,0,1,0,0,1,0,0,0,0,0
"214","Paul Lambert","Midfielder",1,0,0,0,0,0,1,0,0,0,0,0,0,0,0
"215","Kevin Grosskreutz","Midfielder",1,0,0,1,0,0,1,0,0,0,0,0,0,0,0
"216","Jakub Blaszczykowski","Midfielder",1,0,0,0,0,0,1,0,0,1,0,0,0,0,0
"217","Filippo Galli","Defender",1,0,0,0,0,0,1,1,0,0,0,0,0,0,0
"218","Wesley Sneijder","Midfielder",1,0,0,0,0,0,1,0,0,0,0,0,0,0,0
"219","Mats Hummels","Defender",1,0,0,0,0,0,1,0,0,0,0,0,0,0,0
"220","Holger Badstuber","Defender",1,0,0,0,0,0,1,0,0,0,0,0,0,0,0
"221","Paulo Ferreira","Defender",1,0,0,0,0,0,1,1,0,0,0,0,0,0,0
"222","Ronald Koeman","Defender",1,0,0,0,0,0,1,0,0,0,0,0,0,0,0
"223","Marcel Schmelzer","Defender",1,0,0,0,0,0,1,0,0,0,0,0,0,0,0
"224","Danny Rose","Defender",1,0,0,0,0,0,1,0,0,0,0,0,0,0,0
"225","Michael Essien","Midfielder",1,0,0,1,0,0,1,1,0,0,0,0,0,0,0
"226","John O'Shea","Defender",1,0,0,0,0,0,1,1,0,0,0,0,0,0,0
"227","Thibaut Courtois","Goalkeeper",1,0,0,0,0,0,1,0,0,0,0,0,0,1,0
"228","Sonny Silooy","Defender",1,0,0,0,0,0,1,0,0,0,0,0,0,0,0
"229","Christian Eriksen","Midfielder",1,0,0,0,0,0,1,0,0,0,0,0,0,0,0
"230","Txiki Beguiristain","Forward",1,0,0,0,0,0,1,0,0,1,0,0,0,0,0
"231","Alisson Becker","Goalkeeper",1,0,0,0,0,0,1,0,0,0,0,0,0,0,0
"232","Pep Guardiola","Midfielder",1,0,0,0,0,0,1,0,0,0,0,0,0,0,0
"233","Marco Simone","Midfielder",1,0,0,0,0,0,1,1,0,0,0,0,0,0,0
"234","Stefan Savic","Defender",1,0,0,0,0,0,1,0,0,0,0,0,0,0,0
"235","Diego Costa","Forward",1,0,0,0,0,0,1,0,0,1,0,0,0,0,0
"236","Marek Jankulovski","Midfielder",1,0,0,1,0,0,1,0,0,1,0,0,0,0,0
"237","David Alaba","Defender",1,0,0,0,0,0,1,0,0,0,0,0,0,0,0
"238","Stefan Reuter","Defender",1,0,0,0,0,0,1,0,0,0,0,0,0,0,0
"239","Luis Antonio Valencia","Midfielder",1,0,0,1,0,0,1,0,0,0,0,0,0,0,0
"240","Andoni Zubizarreta","Goalkeeper",1,0,0,0,0,0,1,0,0,0,0,0,0,0,0
"241","Marc Andre ter Stegen","Goalkeeper",1,0,0,0,0,0,1,0,0,0,0,0,0,0,0
"242","Hamit Altintop","Midfielder",1,0,0,0,0,0,1,0,0,1,0,0,0,0,0
"243","Jordi Alba","Defender",1,0,0,0,0,0,1,0,0,0,0,0,0,0,0
"244","Julio Cesar","Goalkeeper",1,0,0,0,0,0,1,0,0,0,0,0,0,0,0
"245","Fabio Da Silva","Defender",1,0,0,0,0,0,1,0,0,1,0,0,0,0,0
"246","Maicon","Defender",1,0,0,0,0,0,1,0,0,0,0,0,0,0,0
"247","Javier Hernandez","Forward",1,0,0,0,0,0,1,0,0,0,0,0,0,0,0
"248","Goran Pandev","Forward",1,0,0,0,0,0,1,0,0,1,0,0,0,0,0
"249","Paul Pogba","Midfielder",1,0,0,1,0,0,1,0,0,0,0,0,0,0,0
"250","Cristian Chivu","Defender",1,0,0,1,0,0,1,0,0,1,0,0,0,0,0
"251","Roman Weidenfeller","Goalkeeper",1,0,0,0,0,0,1,0,0,0,0,0,0,0,0
"252","Martin Demichelis","Defender",1,0,0,1,0,0,1,0,0,0,0,0,0,0,0
"253","Eric Abidal","Defender",1,0,0,0,0,0,1,0,0,0,0,0,0,0,0
"254","Arturo Vidal","Midfielder",1,0,0,1,0,0,1,0,0,1,0,0,0,0,0
"255","Joao Miranda","Defender",1,0,0,1,0,0,1,0,0,0,0,0,0,0,0
"256","Dante","Defender",1,0,0,1,0,0,1,0,0,0,0,0,0,0,0
"257","Gianluca Vialli","Forward",1,0,0,0,0,0,1,0,0,0,0,0,0,0,0
"258","Albert Ferrer","Defender",1,0,0,1,0,0,1,0,0,0,0,0,0,0,0
"259","Fabinho","Defender",1,0,0,0,0,0,1,0,0,0,0,0,0,0,0
"260","Javi Martinez","Defender",1,0,0,0,0,0,1,0,0,0,0,0,0,0,0
"261","Pietro Vierchowod","Defender",1,0,0,0,0,0,1,0,0,0,0,0,0,0,0
"262","Robert Lewandowski","Forward",1,0,0,0,0,0,1,0,0,0,0,0,0,0,0
"263","Silvinho","Defender",1,0,0,0,0,0,1,1,0,0,0,0,0,0,0
"264","Matthias Sammer","Defender",1,0,0,0,0,0,1,0,0,0,0,0,0,0,0
"265","Winston Bogarde","Defender",1,0,0,0,0,0,1,1,0,0,0,0,0,0,0
"266","Jorg Heinrich","Defender",1,0,0,0,0,0,1,0,0,0,0,0,0,0,0
"267","Fabio Coentrao","Defender",1,0,0,0,0,0,1,0,0,1,0,0,0,0,0
"268","Jose Maria Bakero","Midfielder",1,0,0,1,0,0,1,0,0,0,0,0,0,0,0
"269","Rudi Voller","Forward",1,0,0,0,0,0,1,0,0,1,0,0,0,0,0
"270","Sergio Porrini","Defender",1,0,0,1,0,0,1,1,0,1,0,0,0,0,0
"271","Romario","Forward",1,0,0,0,0,0,1,0,0,0,0,0,0,0,0
"272","Anatoly Tymoschuk","Midfielder",1,0,0,0,0,0,1,2,0,0,0,0,0,0,0
"273","Jurgen Kohler","Defender",1,0,0,0,0,0,1,0,0,0,0,0,0,0,0
"274","Dele Alli","Midfielder",1,0,0,0,0,0,1,0,0,1,0,0,0,0,0
"275","John Terry","Defender",1,0,0,0,0,0,1,0,0,0,0,0,0,0,0
"276","Abedi Pele","Midfielder",1,0,0,0,0,0,1,0,0,0,0,0,0,0,0
"277","Joe Cole","Midfielder",1,0,0,0,0,0,1,0,0,1,0,0,0,0,0
"278","Fabian Barthez","Goalkeeper",1,0,0,1,0,0,1,0,0,0,0,0,0,0,0
"279","Marco van Basten","Forward",1,0,0,0,0,0,1,0,0,1,0,0,0,0,0
"280","Neven Subotic","Defender",1,0,0,0,0,0,1,0,0,0,0,0,0,0,0
"281","Franck Sauzee","Midfielder",1,0,0,0,0,0,1,0,0,0,0,0,0,0,0
"282","Hugo Lloris","Goalkeeper",1,0,0,0,0,0,1,0,0,0,0,0,0,1,0
"283","Antoine Griezmann","Forward",1,0,0,0,0,0,1,0,0,0,0,0,1,0,0
"284","Moussa Sissoko","Midfielder",1,0,0,0,0,0,1,0,0,1,0,0,0,0,0
"285","Stephane Chapuisat","Forward",1,0,0,0,0,0,1,0,0,1,0,0,0,0,0
"286","Marc Overmars","Forward",1,0,0,1,0,0,1,0,0,0,0,0,0,0,0
"287","Pepe","Defender",1,0,0,1,0,0,1,1,0,0,0,0,0,0,0
"288","Michael Reiziger","Defender",1,0,0,0,0,0,1,0,0,0,0,0,0,0,0
"289","Harry Kane","Forward",1,0,0,0,0,0,1,0,0,0,0,0,0,0,0
"290","Saul Niguez","Midfielder",1,0,0,0,0,0,1,0,0,0,0,0,0,0,0
"291","Jan Vertonghen","Defender",1,0,0,0,0,0,1,0,0,0,0,0,0,0,0
"292","Daniel Agger","Defender",1,0,0,0,0,0,1,0,0,0,0,0,0,0,0
"293","Heung Min Son","Midfielder",1,0,0,0,0,0,1,0,0,0,0,0,0,0,0
"294","Jan Oblak","Goalkeeper",1,0,0,0,0,0,1,0,0,0,0,0,0,0,0
"295","Lukasz Piszczek","Defender",1,0,0,0,0,0,1,0,0,0,0,0,0,0,0
"296","Stephen Lichtsteiner","Defender",1,0,0,0,0,0,1,1,0,0,0,0,0,0,0
"297","Marco Reus","Midfielder",1,0,0,0,0,0,1,0,0,0,0,0,0,0,0
"298","Boudewijn Zenden","Midfielder",1,0,0,0,0,0,1,0,0,1,0,0,0,0,0
"299","Tiago","Midfielder",1,0,0,0,0,0,1,1,0,0,0,0,0,0,0
"300","Angel Di Maria","Midfielder",1,0,0,0,0,0,1,0,0,0,0,0,0,0,0
"301","Walter Samuel","Defender",1,0,0,0,0,0,1,0,0,0,0,0,0,0,0
"302","Christian Vieri","Forward",1,0,0,0,0,0,1,0,0,1,0,0,0,0,0
"303","Pepe Reina","Goalkeeper",1,0,0,0,0,0,1,0,0,0,0,0,0,0,0
"304","Massimo Oddo","Defender",1,0,0,0,0,0,1,0,0,0,0,0,0,0,0
"305","Lucas Bernardi","Midfielder",1,0,0,0,0,0,1,0,0,0,0,0,0,0,0
"306","Costinha","Midfielder",1,0,0,0,0,0,1,0,0,0,0,0,0,0,0
"307","Giorgio Chiellini","Defender",1,0,0,0,0,0,1,0,0,0,0,0,0,0,0
"308","Giovane Elber","Forward",1,0,0,0,0,0,1,0,0,1,0,0,0,0,0
"309","Stefan Klos","Goalkeeper",1,0,0,0,0,0,1,0,0,0,0,0,0,0,0
"310","Juan Sanchez","Forward",1,0,0,0,0,0,1,1,0,1,0,0,0,0,0
"311","Amedeo Carboni","Defender",1,0,0,1,0,0,1,0,0,0,0,0,0,0,0
"312","Luis Figo","Forward",1,0,0,0,0,0,1,0,0,1,0,0,0,0,0
"313","Sami Hyypia","Defender",1,0,0,0,0,0,1,1,0,0,0,0,0,0,0
"314","Andreas Moller","Midfielder",1,0,0,0,0,0,1,0,0,0,0,0,0,0,0
"315","Ruben Baraja","Midfielder",1,0,0,0,0,0,1,0,0,0,0,0,0,0,0
"316","Cafu","Defender",1,0,0,0,0,0,1,1,0,0,0,0,0,0,0
"317","Jerzy Dudek","Goalkeeper",1,0,0,0,0,0,1,1,0,0,0,0,0,0,0
"318","Martin Kree","Defender",1,0,0,0,0,0,1,0,0,0,0,0,0,0,0
"319","Jesper Blomqvist","Midfielder",1,0,0,0,0,0,1,0,0,1,0,0,0,0,0
"320","Aliaksandr Hleb","Midfielder",1,0,0,0,0,0,1,0,0,1,0,0,0,0,0
"321","Paulo Dybala","Forward",1,0,0,1,0,0,1,0,0,1,0,0,0,0,0
"322","Alex Sandro","Defender",1,0,0,1,0,0,1,0,0,0,0,0,0,0,0
"323","Emmanuel Eboue","Defender",1,0,0,1,0,0,1,0,0,0,0,0,0,0,0
"324","Patrik Andersson","Defender",1,0,0,1,0,0,1,0,0,0,0,0,0,0,0
"325","Fredrik Ljungberg","Midfielder",1,0,0,0,0,0,1,0,0,0,0,0,0,0,0
"326","Jens Lehmann","Goalkeeper",1,0,0,0,0,1,1,0,0,0,0,0,0,0,0
"327","Giovanni van Bronckhorst","Defender",1,0,0,0,0,0,1,0,0,0,0,0,0,0,0
"328","Aitor Karanka","Defender",1,0,0,0,0,0,1,1,0,0,0,0,0,0,0
"329","Robert Pires","Midfielder",1,0,0,0,0,0,1,0,0,1,0,0,0,0,0
"330","Rafael Marquez (Mex)","Defender",1,0,0,0,0,0,1,0,0,0,0,0,0,0,0
"331","Francesc Fabregas","Midfielder",1,0,0,0,0,0,1,0,0,1,0,0,0,0,0
"332","Gilberto Silva","Midfielder",1,0,0,0,0,0,1,0,0,0,0,0,0,0,0
"333","Edmilson","Defender",1,0,0,0,0,0,1,0,0,1,0,0,0,0,0
"334","Ronaldinho Gaucho","Midfielder",1,0,0,0,0,0,1,0,0,0,0,0,0,0,0
"335","Oleguer","Defender",1,0,0,1,0,0,1,0,0,1,0,0,0,0,0
"336","Pablo Aimar","Forward",1,0,0,0,0,0,1,0,0,0,0,0,0,0,0
"337","Kolo Toure","Defender",1,0,0,0,0,0,1,0,0,0,0,0,0,0,0
"338","Bixente Lizarazu","Defender",1,0,0,0,0,0,1,0,0,0,0,0,0,0,0
"339","Lothar Matthaus","Defender",1,0,0,0,0,0,1,0,0,1,0,0,0,0,0
"340","Yildiray Basturk","Midfielder",1,0,0,0,0,0,1,0,0,0,0,0,0,0,0
"341","Pedro Mendes","Forward",1,0,0,0,0,0,1,0,0,0,0,0,0,0,0
"342","Gael Givet","Defender",1,0,0,0,0,0,1,0,0,1,0,0,0,0,0
"343","Djimi Traore","Defender",1,0,0,0,0,0,1,0,0,0,0,0,0,0,0
"344","David Beckham","Midfielder",1,0,0,0,0,0,1,0,0,0,0,0,0,0,0
"345","Miralem Pjanic","Midfielder",1,0,0,1,0,0,1,0,0,1,0,0,0,0,0
"346","Denis Irwin","Defender",1,0,0,0,0,0,1,0,0,0,0,0,0,0,0
"347","Luis Garcia","Forward",1,0,0,0,0,0,1,0,0,0,0,0,0,0,0
"348","Zoltan Sebescen","Midfielder",1,0,0,0,0,0,1,0,0,1,0,0,0,0,0
"349","Milan Baros","Forward",1,0,0,1,0,0,1,0,0,1,0,0,0,0,0
"350","Jerome Rothen","Midfielder",1,0,0,0,0,0,1,0,0,0,0,0,0,0,0
"351","Mauro Camoranesi","Midfielder",1,0,0,0,0,0,1,0,0,1,0,0,0,0,0
"352","Cesar Sanchez","Goalkeeper",1,0,0,0,0,0,1,0,0,1,0,0,0,0,0
"353","Jens Jeremies","Midfielder",1,0,0,0,0,0,1,0,0,0,0,0,0,0,0
"354","Santiago Solari","Midfielder",1,0,0,0,0,0,1,0,0,0,0,0,0,0,0
"355","Bernd Schneider","Midfielder",1,0,0,0,0,0,1,0,0,0,0,0,0,0,0
"356","Andreas Zikos","Midfielder",1,0,0,0,0,0,1,0,0,0,0,0,0,0,0
"357","Thomas Brdaric","Forward",1,0,0,0,0,0,1,0,0,1,0,0,0,0,0
"358","Markus Babbel","Defender",1,0,0,0,0,0,1,0,0,0,0,0,0,0,0
"359","Maniche","Midfielder",1,0,0,0,0,0,1,0,0,0,0,0,0,0,0
"360","Julien Rodriguez","Defender",1,0,0,0,0,0,1,0,0,0,0,0,0,0,0
"361","Gary Neville","Defender",1,0,0,0,0,0,1,0,0,0,0,0,0,0,0
"362","Derlei","Forward",1,0,0,0,0,0,1,0,0,1,0,0,0,0,0
"363","Andrew Cole","Forward",1,0,0,0,0,0,1,0,0,1,0,0,0,0,0
"364","Vitor Baia","Goalkeeper",1,0,0,0,0,0,1,0,0,0,0,0,0,0,0
"365","Roberto Ayala","Defender",1,0,0,0,0,0,1,0,0,1,0,0,0,0,0
"366","Nuno Valente","Defender",1,0,0,1,0,0,1,0,0,0,0,0,0,0,0
"367","Jorge Costa","Defender",1,0,0,1,0,0,1,0,0,0,0,0,0,0,0
"368","Peter Schmeichel","Goalkeeper",1,0,0,0,0,0,1,0,0,0,0,0,0,0,0
"369","Gerardo","Defender",1,0,0,1,0,0,1,0,0,1,0,0,0,0,0
"370","Diego Placente","Defender",1,0,0,0,0,0,1,0,0,0,0,0,0,0,0
"371","Carsten Ramelow","Midfielder",1,0,0,0,0,0,1,0,0,0,0,0,0,0,0
"372","Hugo Ibarra","Defender",1,0,0,0,0,0,1,0,0,0,0,0,0,0,0
"373","Oliver Neuville","Forward",1,0,0,0,0,0,1,0,0,0,0,0,0,0,0
"374","Willy Sagnol","Defender",1,0,0,0,0,0,1,0,0,1,0,0,0,0,0
"375","Igor Tudor","Defender",1,0,0,0,0,0,1,0,0,1,0,0,0,0,0
"376","David Trezeguet","Forward",1,0,0,0,0,0,1,0,0,0,0,0,0,0,0
"377","Edouard Cisse","Forward",1,0,0,0,0,0,1,0,0,1,0,0,0,0,0
"378","Boris Zivkovic","Defender",1,0,0,0,0,0,1,0,0,0,0,0,0,0,0
"379","Flavio Roma","Goalkeeper",1,0,0,0,0,0,1,0,0,0,0,0,0,0,0
"380","Claudio Lopez","Forward",1,0,0,0,0,0,1,0,0,0,0,0,0,0,0
"381","Lillian Thuram","Defender",1,0,0,0,0,0,1,0,0,0,0,0,0,0,0
"382","Raul Garcia","Midfielder",1,0,0,1,0,0,1,0,0,1,0,0,0,0,0
"383","Dwight Yorke","Forward",1,0,0,0,0,0,1,0,0,0,0,0,0,0,0
"384","Loris Karius","Goalkeeper",1,0,0,0,0,0,1,0,0,0,0,0,0,0,0
"385","Christian Karembeu","Defender",1,0,0,1,0,0,1,1,0,0,0,0,0,0,0
"386","Michael Tarnat","Midfielder",1,0,0,0,0,0,1,1,0,0,0,0,0,0,0
"387","Nicky Butt","Midfielder",1,0,0,0,0,0,1,0,0,0,0,0,0,0,0
"388","Ronny Johnsen","Defender",1,0,0,0,0,0,1,0,0,0,0,0,0,0,0
"389","Bodo Illgner","Goalkeeper",1,0,0,0,0,0,1,1,0,0,0,0,0,0,0
"390","Ivan Campo","Defender",1,0,0,0,0,0,1,0,0,0,0,0,0,0,0
"391","Gianluca Zambrotta","Midfielder",1,0,0,0,0,0,1,0,0,0,0,0,0,0,0
"392","Miguel Angel Angulo","Midfielder",1,0,0,0,0,0,1,0,0,0,0,0,0,0,0
"393","Gerard","Midfielder",1,0,0,0,0,0,1,0,0,0,0,0,0,0,0
"394","Javier Farinos","Midfielder",1,0,0,1,0,0,1,0,0,0,0,0,0,0,0
"395","Vladimir Smicer","Midfielder",1,1,0,0,0,0,0,1,1,0,0,0,0,0,0
"396","Teddy Sheringham","Forward",1,1,0,0,0,0,0,1,1,0,0,0,0,0,0
"397","Ole-Gunnar Solskjaer","Forward",1,1,0,0,0,0,0,1,1,0,0,0,0,0,0
"398","Divock Origi","Forward",1,1,0,0,0,0,0,1,1,0,0,0,0,0,0
"399","Yannick Carrasco","Midfielder",1,1,0,0,0,0,0,1,1,0,0,0,0,0,0
"400","Lars Ricken","Midfielder",1,1,0,1,0,0,0,1,1,0,0,0,0,0,0
"401","Dmitri Alenichev","Midfielder",1,1,0,0,0,0,0,1,1,0,0,0,0,0,0
"402","Peter Crouch","Forward",1,0,1,0,0,0,0,1,1,0,0,0,0,0,0
"403","Henrik Larsson","Forward",1,0,0,1,0,0,0,1,1,0,0,0,0,0,0
"404","Marcelo Zalayeta","Forward",1,0,0,0,0,0,0,1,1,0,0,0,0,0,0
"405","Miroslav Klose","Forward",1,0,0,0,0,0,0,1,1,0,0,0,0,0,0
"406","Lucas Vazquez","Midfielder",1,0,0,0,0,0,0,2,1,0,0,0,0,0,0
"407","Roque Junior","Defender",1,0,0,0,0,0,0,1,1,0,0,0,0,0,0
"408","Alessandro Birindelli","Defender",1,0,0,0,0,0,0,2,1,0,0,0,0,0,0
"409","Ulf Kirsten","Forward",1,0,0,0,0,0,0,1,1,0,0,0,0,0,0
"410","Jeremy Mathieu","Defender",1,0,0,0,0,0,0,1,1,0,0,0,0,0,0
"411","Danilo","Defender",1,0,0,1,0,0,0,2,1,0,0,0,0,0,0
"412","Nacho","Defender",1,0,0,0,0,0,0,3,1,0,0,0,0,0,0
"413","Dietmar Hamann","Midfielder",1,0,0,0,0,0,0,1,1,0,0,0,0,0,0
"414","Roberto Pereyra","Midfielder",1,0,0,0,0,0,0,1,1,0,0,0,0,0,0
"415","Marco Materazzi","Defender",1,0,0,0,0,0,0,1,1,0,0,0,0,0,0
"416","Kingsley Coman","Midfielder",1,0,0,0,0,0,0,1,1,0,0,0,0,0,0
"417","Flavio Conceicao","Midfielder",1,0,0,0,0,0,0,1,1,0,0,0,0,0,0
"418","Nuri Sahin","Midfielder",1,0,0,0,0,0,0,1,1,0,0,0,0,0,0
"419","Manuel Almunia","Goalkeeper",1,0,0,0,0,0,0,1,1,0,0,0,0,0,0
"420","Julian Schieber","Forward",1,0,0,0,0,0,0,1,1,0,0,0,0,0,0
"421","Jose Sosa","Midfielder",1,0,0,0,0,0,0,1,1,0,0,0,0,0,0
"422","Emre Can","Midfielder",1,0,0,0,0,0,0,1,1,0,0,0,0,0,0
"423","Jon Dahl Tomasson","Forward",1,0,0,0,0,0,0,1,1,0,0,0,0,0,0
"424","Sebastien Squillaci","Defender",1,0,0,0,0,0,0,1,1,0,0,0,0,0,0
"425","Alvaro Arbeloa","Defender",1,0,0,0,0,0,0,2,1,0,0,0,0,0,0
"426","Luiz Gustavo","Midfielder",1,0,0,0,0,0,0,1,1,0,0,0,0,0,0
"427","Adrian Lopez","Forward",1,0,0,0,0,0,0,1,1,0,0,0,0,0,0
"428","Benni McCarthy","Forward",1,0,0,0,0,0,0,1,1,0,0,0,0,0,0
"429","Sulley Muntari","Midfielder",1,0,0,0,0,0,0,1,1,0,0,0,0,0,0
"430","Shabani Nonda","Forward",1,0,0,0,0,0,0,1,1,0,0,0,0,0,0
"431","Jose Antonio Reyes","Forward",1,0,0,0,0,0,0,1,1,0,0,0,0,0,0
"432","Pedro Emanuel","Defender",1,0,0,0,0,0,0,1,1,0,0,0,0,0,0
"433","Marko Babic","Midfielder",1,0,0,0,0,0,0,1,1,0,0,0,0,0,0
"434","Mario Lemina","Midfielder",1,0,0,0,0,0,0,1,1,0,0,0,0,0,0
"435","Mathieu Flamini","Midfielder",1,0,0,0,0,0,0,1,1,0,0,0,0,0,0
"436","Ibrahim Afellay","Midfielder",1,0,0,0,0,0,0,1,1,0,0,0,0,0,0
"437","Thomas","Midfielder",1,0,0,0,0,0,0,1,1,0,0,0,0,0,0
"438","Dejan Stankovic","Midfielder",1,0,0,0,0,0,0,1,1,0,0,0,0,0,0
"439","Giuseppe Favalli","Defender",1,0,0,0,0,0,0,1,1,0,0,0,0,0,0
"440","Djibril Cisse","Forward",1,0,0,0,0,0,0,1,1,0,0,0,0,0,0
"441","Alberto Gilardino","Forward",1,0,0,0,0,0,0,1,1,0,0,0,0,0,0
"442","Juan Cuadrado","Midfielder",1,0,0,1,1,0,0,1,1,0,0,0,0,0,0
"443","Dado Prso","Forward",1,0,0,0,0,0,0,1,1,0,0,0,0,0,0
"444","Nicola Amoruso","Forward",1,0,0,0,0,0,0,2,1,0,0,0,0,0,0
"445","Jean-Pierre Papin","Midfielder",1,0,0,0,0,0,0,1,1,0,0,0,0,0,0
"446","Jean-Philippe Durand","Midfielder",1,0,0,0,0,0,0,1,1,0,0,0,0,0,0
"447","Jaime","Midfielder",1,0,0,0,0,0,0,1,1,0,0,0,0,0,0
"448","Davor Suker","Forward",1,0,0,0,0,0,0,1,1,0,0,0,0,0,0
"449","Daniel Fonseca","Forward",1,0,0,0,0,0,0,1,1,0,0,0,0,0,0
"450","Stefano Nava","Defender",1,0,0,0,0,0,0,2,1,0,0,0,0,0,0
"451","Quique Estebaranz","Forward",1,0,0,0,0,0,0,1,1,0,0,0,0,0,0
"452","Adam Lallana","Midfielder",1,0,0,0,0,0,0,2,1,0,0,0,0,0,0
"453","Jose Amavisca","Midfielder",1,0,0,0,0,0,0,1,1,0,0,0,0,0,0
"454","Eusebio","Midfielder",1,0,0,0,0,0,0,1,1,0,0,0,0,0,0
"455","Lucas Moura","Midfielder",1,0,0,0,0,0,0,1,1,0,0,0,0,0,0
"456","Joseph Gomez","Defender",1,0,0,0,0,0,0,1,1,0,0,0,0,0,0
"457","Thorsten Fink","Midfielder",1,0,0,0,0,0,0,1,1,0,0,0,0,0,0
"458","Nordin Wooter","Forward",1,0,0,1,0,0,0,1,1,0,0,0,0,0,0
"459","Michele Padovano","Midfielder",1,0,0,0,0,0,0,1,1,0,0,0,0,0,0
"460","Arnold Scholten","Midfielder",1,0,0,0,0,0,0,1,1,0,0,0,0,0,0
"461","Savio","Forward",1,0,0,0,0,0,0,2,1,0,0,0,0,0,0
"462","Adrian Ilie","Forward",1,0,0,0,0,0,0,1,1,0,0,0,0,0,0
"463","Paulo Sergio","Forward",1,0,0,0,0,0,0,1,1,0,0,0,0,0,0
"464","Zlatko Zahovic","Forward",1,0,0,0,0,0,0,1,1,0,0,0,0,0,0
"465","Eric Dier","Midfielder",1,0,0,0,0,0,0,1,1,0,0,0,0,0,0
"466","Jean-Christophe Thomas","Forward",1,0,0,0,0,0,0,1,1,0,0,0,0,0,0
"467","Alex Oxlade-Chamberlain","Midfielder",0,0,0,0,0,0,0,1,0,0,0,0,0,0,0
"468","Martin Laursen","Defender",0,0,0,0,0,0,0,1,0,0,0,0,0,0,0
"469","Marco Storari","Goalkeeper",0,0,0,0,0,0,0,1,0,0,0,0,0,0,0
"470","Martin Caceres","Defender",0,0,0,0,0,0,0,1,0,0,0,0,0,0,0
"471","Marco Di Vaio","Forward",0,0,0,0,0,0,0,1,0,0,0,0,0,0,0
"472","Fabio Aurelio","Defender",0,0,0,0,0,0,0,1,0,0,0,0,0,0,0
"473","Juan Foyth","Defender",0,0,0,0,0,0,0,1,0,0,0,0,0,0,0
"474","Ciriaco Sforza","Midfielder",0,0,0,0,0,0,0,1,0,0,0,0,0,0,0
"475","Ross Turnbull","Goalkeeper",0,0,0,0,0,0,0,1,0,0,0,0,0,0,0
"476","Christian Brocchi","Midfielder",0,0,0,0,0,0,0,2,0,0,0,0,0,0,0
"477","Caoimhin Kelleher","Goalkeeper",0,0,0,0,0,0,0,1,0,0,0,0,0,0,0
"478","Roque Santa Cruz","Forward",0,0,0,0,0,0,0,1,0,0,0,0,0,0,0
"479","Andres Palop","Goalkeeper",0,0,0,0,0,0,0,1,0,0,0,0,0,0,0
"480","Neto","Goalkeeper",0,0,0,0,0,0,0,1,0,0,0,0,0,0,0
"481","Ben Davies","Defender",0,0,0,0,0,0,0,1,0,0,0,0,0,0,0
"482","David Albelda","Midfielder",0,0,0,0,0,0,0,2,0,0,0,0,0,0,0
"483","Marc Muniesa","Defender",0,0,0,0,0,0,0,1,0,0,0,0,0,0,0
"484","Bernd Dreher","Goalkeeper",0,0,0,0,0,0,0,2,0,0,0,0,0,0,0
"485","Francesco Toldo","Goalkeeper",0,0,0,0,0,0,0,1,0,0,0,0,0,0,0
"486","Vicente","Midfielder",0,0,0,0,0,0,0,1,0,0,0,0,0,0,0
"487","Michel Vorm","Goalkeeper",0,0,0,0,0,0,0,1,0,0,0,0,0,0,0
"488","Antonio Chimenti","Goalkeeper",0,0,0,0,0,0,0,1,0,0,0,0,0,0,0
"489","Danijel Pranjic","Midfielder",0,0,0,0,0,0,0,2,0,0,0,0,0,0,0
"490","Rivaldo","Forward",0,0,0,0,0,0,0,1,0,0,0,0,0,0,0
"491","Felipe Santana","Defender",0,0,0,0,0,0,0,1,0,0,0,0,0,0,0
"492","Kyle Walker-Peters","Defender",0,0,0,0,0,0,0,1,0,0,0,0,0,0,0
"493","Serge Aurier","Defender",0,0,0,0,0,0,0,1,0,0,0,0,0,0,0
"494","Xherdan Shaqiri","Midfielder",0,0,0,0,0,0,0,2,0,0,0,0,0,0,0
"495","Dominic Solanke","Forward",0,0,0,0,0,0,0,1,0,0,0,0,0,0,0
"496","Craig Bellamy","Forward",0,0,0,0,0,0,0,1,0,0,0,0,0,0,0
"497","Kiko Casilla","Goalkeeper",0,0,0,0,0,0,0,3,0,0,0,0,0,0,0
"498","Kwadwo Asamoah","Forward",0,0,0,0,0,0,0,1,0,0,0,0,0,0,0
"499","Theo Hernandez","Defender",0,0,0,0,0,0,0,1,0,0,0,0,0,0,0
"500","Mikael Silvestre","Defender",0,0,0,0,0,0,0,1,0,0,0,0,0,0,0
"501","Mateo Kovacic","Midfielder",0,0,0,0,0,0,0,2,0,0,0,0,0,0,0
"502","James Rodriguez","Midfielder",0,0,0,0,0,0,0,1,0,0,0,0,0,0,0
"503","Ragnar Klavan","Defender",0,0,0,0,0,0,0,1,0,0,0,0,0,0,0
"504","Heiko Herrlich","Forward",0,0,0,0,0,0,0,1,0,0,0,0,0,0,0
"505","Jose Maria Gimenez","Defender",0,0,0,0,0,0,0,1,0,0,0,0,0,0,0
"506","Eidur Gudjohnsen","Forward",0,0,0,0,0,0,0,1,0,0,0,0,0,0,0
"507","Edgaras Jankauskas","Forward",0,0,0,0,0,0,0,1,0,0,0,0,0,0,0
"508","Ivan Cordoba","Defender",0,0,0,0,0,0,0,1,0,0,0,0,0,0,0
"509","Michael Owen","Forward",0,0,0,0,0,0,0,1,0,0,0,0,0,0,0
"510","Andreas Gorlitz","Defender",0,0,0,0,0,0,0,1,0,0,0,0,0,0,0
"511","Oier Olazabal","Goalkeeper",0,0,0,0,0,0,0,1,0,0,0,0,0,0,0
"512","Chris Smalling","Defender",0,0,0,0,0,0,0,1,0,0,0,0,0,0,0
"513","Nuno","Goalkeeper",0,0,0,0,0,0,0,1,0,0,0,0,0,0,0
"514","Darren Fletcher","Midfielder",0,0,0,0,0,0,0,2,0,0,0,0,0,0,0
"515","Joachim Bjorklund","Defender",0,0,0,0,0,0,0,1,0,0,0,0,0,0,0
"516","Rafinha","Defender",0,0,0,0,0,0,0,1,0,0,0,0,0,0,0
"517","Elvir Baljic","Forward",0,0,0,0,0,0,0,1,0,0,0,0,0,0,0
"518","Takashi Usami","Midfielder",0,0,0,0,0,0,0,1,0,0,0,0,0,0,0
"519","Luis Milla","Midfielder",0,0,0,0,0,0,0,1,0,0,0,0,0,0,0
"520","Peter van Vossen","Midfielder",0,0,0,0,0,0,0,1,0,0,0,0,0,0,0
"521","Oscar","Midfielder",0,0,0,0,0,0,0,1,0,0,0,0,0,0,0
"522","Pedro Munitis","Forward",0,0,0,0,0,0,0,1,0,0,0,0,0,0,0
"523","Geremi","Midfielder",0,0,0,0,0,0,0,1,0,0,0,0,0,0,0
"524","Claudio Pizarro","Forward",0,0,0,0,0,0,0,1,0,0,0,0,0,0,0
"525","Jorge Bartual","Goalkeeper",0,0,0,0,0,0,0,1,0,0,0,0,0,0,0
"526","Rafinha","Midfielder",0,0,0,0,0,0,0,1,0,0,0,0,0,0,0
"527","Jaroslav Plasil","Midfielder",0,0,0,0,0,0,0,1,0,0,0,0,0,0,0
"528","Diego","Midfielder",0,0,0,0,0,0,0,1,0,0,0,0,0,0,0
"529","Ricardo Costa","Defender",0,0,0,0,0,0,0,1,0,0,0,0,0,0,0
"530","Francisco Pavon","Defender",0,0,0,0,0,0,0,1,0,0,0,0,0,0,0
"531","Hassan El Fakiri","Midfielder",0,0,0,0,0,0,0,1,0,0,0,0,0,0,0
"532","Thiago Motta","Midfielder",0,0,0,0,0,0,0,1,0,0,0,0,0,0,0
"533","Emmanuel Adebayor","Forward",0,0,0,0,0,0,0,1,0,0,0,0,0,0,0
"534","Zeljko Kalac","Goalkeeper",0,0,0,0,0,0,0,1,0,0,0,0,0,0,0
"535","Tony Sylva","Goalkeeper",0,0,0,0,0,0,0,1,0,0,0,0,0,0,0
"536","Mark Gonzalez","Midfielder",0,0,0,0,0,0,0,1,0,0,0,0,0,0,0
"537","Nathaniel Clyne","Defender",0,0,0,0,0,0,0,1,0,0,0,0,0,0,0
"538","Mehdi Benatia","Defender",0,0,0,0,0,0,0,1,0,0,0,0,0,0,0
"539","Vikash Dhorasoo","Midfielder",0,0,0,0,0,0,0,1,0,0,0,0,0,0,0
"540","Carlo Cudicini","Goalkeeper",0,0,0,0,0,0,0,2,0,0,0,0,0,0,0
"541","Scott Carson","Goalkeeper",0,0,0,0,0,0,0,1,0,0,0,0,0,0,0
"542","Alex Costa","Defender",0,0,0,0,0,0,0,1,0,0,0,0,0,0,0
"543","Igor Biscan","Defender",0,0,0,0,0,0,0,1,0,0,0,0,0,0,0
"544","Josemi","Defender",0,0,0,0,0,0,0,1,0,0,0,0,0,0,0
"545","Angel Correa","Forward",0,0,0,0,0,0,0,1,0,0,0,0,0,0,0
"546","Christian Abbiati","Goalkeeper",0,0,0,0,0,0,0,2,0,0,0,0,0,0,0
"547","Rafael Da Silva","Defender",0,0,0,0,0,0,0,1,0,0,0,0,0,0,0
"548","Antonio Nunez","Midfielder",0,0,0,0,0,0,0,1,0,0,0,0,0,0,0
"549","Michael Zorc","Midfielder",0,0,0,0,0,0,0,1,0,0,0,0,0,0,0
"550","Gael Clichy","Defender",0,0,0,0,0,0,0,1,0,0,0,0,0,0,0
"551","Jonny Evans","Defender",0,0,0,0,0,0,0,1,0,0,0,0,0,0,0
"552","Dennis Bergkamp","Forward",0,0,0,0,0,0,0,1,0,0,0,0,0,0,0
"553","Jose Manuel Pinto","Goalkeeper",0,0,0,0,0,0,0,1,0,0,0,0,0,0,0
"554","Robin van Persie","Forward",0,0,0,0,0,0,0,1,0,0,0,0,0,0,0
"555","McDonald Mariga","Midfielder",0,0,0,0,0,0,0,1,0,0,0,0,0,0,0
"556","Albert Jorquera","Goalkeeper",0,0,0,0,0,0,0,1,0,0,0,0,0,0,0
"557","Mario Balotelli","Forward",0,0,0,0,0,0,0,1,0,0,0,0,0,0,0
"558","Paulo Gazzaniga","Goalkeeper",0,0,0,0,0,0,0,1,0,0,0,0,0,0,0
"559","Michael Rensing","Goalkeeper",0,0,0,0,0,0,0,1,0,0,0,0,0,0,0
"560","Alberto Moreno","Defender",0,0,0,0,0,0,0,2,0,0,0,0,0,0,0
"561","Miguel Angel Moya","Goalkeeper",0,0,0,0,0,0,0,1,0,0,0,0,0,0,0
"562","Jurica Vranjes","Midfielder",0,0,0,0,0,0,0,1,0,0,0,0,0,0,0
"563","Dave van den Bergh","Forward",0,0,0,0,0,0,0,1,0,0,0,0,0,0,0
"564","Ali Daei","Forward",0,0,0,0,0,0,0,1,0,0,0,0,0,0,0
"565","Jese","Forward",0,0,0,0,0,0,0,1,0,0,0,0,0,0,0
"566","Phil Neville","Defender",0,0,0,0,0,0,0,1,0,0,0,0,0,0,0
"567","Fred Grim","Goalkeeper",0,0,0,0,0,0,0,2,0,0,0,0,0,0,0
"568","Jonathan Greening","Midfielder",0,0,0,0,0,0,0,1,0,0,0,0,0,0,0
"569","Tomasz Kuszczak","Goalkeeper",0,0,0,0,0,0,0,3,0,0,0,0,0,0,0
"570","Raimonde van der Gouw","Goalkeeper",0,0,0,0,0,0,0,1,0,0,0,0,0,0,0
"571","Thiago Alcantara","Midfielder",0,0,0,0,0,0,0,1,0,0,0,0,0,0,0
"572","Thomas Helmer","Defender",0,0,0,0,0,0,0,1,0,0,0,0,0,0,0
"573","Bojan Krkic","Forward",0,0,0,0,0,0,0,2,0,0,0,0,0,0,0
"574","Thomas Strunz","Midfielder",0,0,0,0,0,0,0,1,0,0,0,0,0,0,0
"575","Lucas Hernandez","Defender",0,0,0,0,0,0,0,1,0,1,0,0,0,0,0
"576","David May","Defender",0,0,0,0,0,0,0,1,0,0,0,0,0,0,0
"577","Oriol Romeu","Defender",0,0,0,0,0,0,0,1,0,0,0,0,0,0,0
"578","Philippe Senderos","Defender",0,0,0,0,0,0,0,1,0,0,0,0,0,0,0
"579","Nils Petersen","Forward",0,0,0,0,0,0,0,1,0,0,0,0,0,0,0
"580","Davinson Sanchez","Defender",0,0,0,0,0,0,0,1,0,0,0,0,0,0,0
"581","Giovanni Stroppa","Midfielder",0,0,0,0,0,0,0,1,0,0,0,0,0,0,0
"582","Rhian Brewster","Forward",0,0,0,0,0,0,0,1,0,0,0,0,0,0,0
"583","Mario Ielpo","Goalkeeper",0,0,0,0,0,0,0,2,0,0,0,0,0,0,0
"584","Claudio Bravo","Goalkeeper",0,0,0,0,0,0,0,1,0,0,0,0,0,0,0
"585","Stefano Sturaro","Midfielder",0,0,0,0,0,0,0,1,0,0,0,0,0,0,0
"586","Guti","Midfielder",0,0,0,0,0,0,0,1,0,0,0,0,0,0,0
"587","Marc Bartra","Defender",0,0,0,0,0,0,0,1,0,0,0,0,0,0,0
"588","Sebastian Kehl","Midfielder",0,0,0,0,0,0,0,1,0,0,0,0,0,0,0
"589","Oliver Kirch","Midfielder",0,0,0,0,0,0,0,1,0,0,0,0,0,0,0
"590","Adriano","Defender",0,0,0,0,0,0,0,2,0,0,0,0,0,0,0
"591","Tom Starke","Goalkeeper",0,0,0,0,0,0,0,1,0,0,0,0,0,0,0
"592","Anel Dzaka","Midfielder",0,0,0,0,0,0,0,1,0,0,0,0,0,0,0
"593","Moritz Leitner","Midfielder",0,0,0,0,0,0,0,1,0,0,0,0,0,0,0
"594","Frank Juric","Goalkeeper",0,0,0,0,0,0,0,1,0,0,0,0,0,0,0
"595","Mitchell Langerak","Goalkeeper",0,0,0,0,0,0,0,1,0,0,0,0,0,0,0
"596","Thomas Kleine","Defender",0,0,0,0,0,0,0,1,0,0,0,0,0,0,0
"597","Angelo Obinze Ogbonna","Defender",0,0,0,0,0,0,0,1,0,0,0,0,0,0,0
"598","Erik Lamela","Midfielder",0,0,0,0,0,0,0,1,0,0,0,0,0,0,0
"599","Ion Andoni Goikoetxea","Midfielder",0,0,0,0,0,0,0,1,0,0,0,0,0,0,0
"600","Victor Wanyama","Midfielder",0,0,0,0,0,0,0,1,0,0,0,0,0,0,0
"601","Angelo Carbone","Midfielder",0,0,0,0,0,0,0,1,0,0,0,0,0,0,0
"602","Carlos Busquets","Goalkeeper",0,0,0,0,0,0,0,1,0,0,0,0,0,0,0
"603","Cristian Rodriguez","Midfielder",0,0,0,0,0,0,0,1,0,0,0,0,0,0,0
"604","Juan Carlos","Defender",0,0,0,0,0,0,0,1,0,0,0,0,0,0,0
"605","Daniel Aranzubia","Goalkeeper",0,0,0,0,0,0,0,1,0,0,0,0,0,0,0
"606","Simone Padoin","Midfielder",0,0,0,0,0,0,0,1,0,0,0,0,0,0,0
"607","Fernando Sanz","Defender",0,0,0,0,0,0,0,1,0,0,0,0,0,0,0
"608","Diego Lopez","Goalkeeper",0,0,0,0,0,0,0,1,0,0,0,0,0,0,0
"609","Victor","Midfielder",0,0,0,0,0,0,0,1,0,0,0,0,0,0,0
"610","Asier Illarramendi","Midfielder",0,0,0,0,0,0,0,1,0,0,0,0,0,0,0
"611","Daniel Sturridge","Forward",0,0,0,0,0,0,0,2,0,0,0,0,0,0,0
"612","Mario Suarez","Midfielder",0,0,0,0,0,0,0,1,0,0,0,0,0,0,0
"613","Simon Mignolet","Goalkeeper",0,0,0,0,0,0,0,2,0,0,0,0,0,0,0
"614","Pascal Olmeta","Goalkeeper",0,0,0,0,0,0,0,1,0,0,0,0,0,0,0
"615","Jean-Marc Ferreri","Midfielder",0,0,0,0,0,0,0,1,0,0,0,0,0,0,0
"616","Michaelangelo Rampulla","Goalkeeper",0,0,0,0,0,0,0,2,0,0,0,0,0,0,0
"617","Alberigo Evani","Midfielder",0,0,0,0,0,0,0,1,0,0,0,0,0,0,0
"618","Dimas","Defender",0,0,0,0,0,0,0,1,0,0,0,0,0,0,0
"619","Bernard Casoni","Defender",0,0,0,0,0,0,0,1,0,0,0,0,0,0,0
