"Players","Position","Total"
"Cristiano Ronaldo","Forward",22
"Lionel Messi","Forward",22
"Andres Iniesta","Midfielder",22
"Gerard Pique","Defender",21
"Ryan Giggs","Midfielder",21
"Xavi","Midfielder",21
"Sergio Busquets","Midfielder",20
"Iker Casillas","Goalkeeper",18
"Raul","Forward",17
"Xabi Alonso","Midfielder",17
"Dani Alves","Defender",17
"Clarence Seedorf","Midfielder",17
"Philipp Lahm","Defender",17
"Javier Mascherano","Midfielder",17
"Franck Ribery","Midfielder",16
"Manuel Neuer","Goalkeeper",16
"Edwin van der Sar","Goalkeeper",16
"Thomas Muller","Forward",16
"Frank Lampard","Midfielder",16
"David Beckham","Midfielder",16
"Gary Neville","Defender",16
"Paul Scholes","Midfielder",16
"Zlatan Ibrahimovic","Forward",15
"John Terry","Defender",15
"Claude Makelele","Midfielder",15
"Andriy Shevchenko","Forward",14
"Rio Ferdinand","Defender",14
"Ashley Cole","Defender",14
"Sergio Ramos","Defender",14
"Carles Puyol","Defender",14
"Victor Valdes","Goalkeeper",14
"Gianluigi Buffon","Goalkeeper",14
"Fernando Torres","Forward",14
"Michael Essien","Midfielder",13
"Jordi Alba","Defender",13
"Toni Kroos","Midfielder",13
"Roberto Carlos","Defender",13
"Oliver Kahn","Goalkeeper",13
"Andrea Pirlo","Midfielder",13
"Patrice Evra","Defender",13
"Luka Modric","Midfielder",13
"Didier Drogba","Forward",13
"Michael Ballack","Midfielder",12
"Zinedine Zidane","Midfielder",12
"Michael Carrick","Midfielder",12
"Ricardo Carvalho","Defender",12
"Alessandro Nesta","Defender",12
"Petr Cech","Goalkeeper",12
"Javier Zanetti","Midfielder",12
"Wayne Rooney","Forward",12
"Francesc Fabregas","Midfielder",12
"Thierry Henry","Forward",12
"Karim Benzema","Forward",12
"Florent Malouda","Midfielder",12
"Mikael Silvestre","Defender",12
"Paolo Maldini","Defender",12
"Maxwell","Defender",12
"Filippo Inzaghi","Forward",12
"Kaka","Midfielder",12
"Patrick Kluivert","Forward",12
"Ole-Gunnar Solskjaer","Forward",12
"Samuel Eto'o","Forward",11
"Frank de Boer","Defender",11
"Thiago Motta","Midfielder",11
"Fernando Hierro","Defender",11
"Marcelo","Defender",11
"Jerome Boateng","Defender",11
"Pepe","Defender",11
"Mario Mandzukic","Forward",11
"Fernando Morientes","Forward",11
"Mehmet Scholl","Midfielder",11
"Hasan Salihamidzic","Forward",11
"Luis Suarez","Forward",10
"Luis Figo","Midfielder",10
"Ivan Helguera","Midfielder",10
"Giovane Elber","Forward",10
"David Alaba","Defender",10
"Marc Andre ter Stegen","Goalkeeper",10
"Ivan Rakitic","Midfielder",10
"Didier Deschamps","Midfielder",10
"Dida","Goalkeeper",10
"William Gallas","Defender",10
"Christian Panucci","Defender",10
"Roy Keane","Midfielder",10
"Diego Godin","Defender",10
"Michel Salgado","Defender",10
"Robert Lewandowski","Forward",10
"Blaise Matuidi","Midfielder",10
"Paolo Montero","Defender",10
"Giorgio Chiellini","Defender",10
"Sami Khedira","Midfielder",10
"Arturo Vidal","Midfielder",10
"Arjen Robben","Midfielder",10
"Casemiro","Midfielder",10
"Nicky Butt","Midfielder",10
"Isco","Midfielder",10
"Emmanuel Eboue","Defender",10
"Massimo Ambrosini","Defender",10
"Jari Litmanen","Midfielder",10
"Lucas Moura","Midfielder",10
"Alex Costa","Defender",9
"Lucio","Defender",9
"Nemanja Vidic","Defender",9
"Gareth Bale","Midfielder",9
"Edgar Davids","Midfielder",9
"Jaap Stam","Defender",9
"Andrew Cole","Forward",9
"Daniel Carvajal","Defender",9
"Mark van Bommel","Midfielder",9
"Jamie Carragher","Defender",9
"Santiago Canizares","Goalkeeper",9
"Bixente Lizarazu","Defender",9
"Wes Brown","Defender",9
"Thiago Alcantara","Midfielder",9
"Bastian Schweinsteiger","Midfielder",9
"Gonzalo Higuain","Forward",9
"Raphael Varane","Defender",9
"Samuel Kuffour","Defender",9
"Douglas Costa","Midfielder",9
"John O'Shea","Defender",9
"Anthony Reveillere","Defender",9
"Rafinha","Defender",9
"Guti","Midfielder",9
"Alvaro Arbeloa","Defender",9
"Sergio Roberto","Midfielder",9
"Roque Santa Cruz","Forward",9
"Neymar","Forward",8
"Stefan Effenberg","Midfielder",8
"Alessandro Del Piero","Forward",8
"Juan Sebastian Veron","Midfielder",8
"Jorge Koke","Midfielder",8
"Ji Sung Park","Midfielder",8
"Phillip Cocu","Midfielder",8
"Dejan Stankovic","Midfielder",8
"David Silva","Midfielder",8
"David Villa","Forward",8
"Marc Overmars","Forward",8
"Jens Jeremies","Midfielder",8
"Fabian Barthez","Goalkeeper",8
"Jose Molina","Goalkeeper",8
"Juanfran","Defender",8
"Markus Babbel","Defender",8
"Kolo Toure","Defender",8
"Eric Abidal","Defender",8
"Denis Irwin","Defender",8
"Ronny Johnsen","Defender",8
"Gianluca Zambrotta","Midfielder",8
"Gennaro Gattuso","Midfielder",8
"Leonardo Bonucci","Defender",8
"Wesley Sneijder","Midfielder",8
"Fernandez Gabi","Midfielder",8
"Fernando Redondo","Midfielder",8
"Seydou Keita","Midfielder",8
"Carsten Jancker","Forward",8
"Robert Pires","Midfielder",8
"Salomon Kalou","Forward",8
"Fernandinho","Midfielder",8
"Mario Gotze","Midfielder",8
"Miguel Angel Angulo","Midfielder",8
"Joe Cole","Midfielder",8
"Pedro Rodriguez","Midfielder",8
"Alessio Tacchinardi","Midfielder",8
"Dimitar Berbatov","Forward",8
"Sami Hyypia","Defender",7
"Steven Gerrard","Midfielder",7
"Branislav Ivanovic","Defender",7
"Pavel Nedved","Midfielder",7
"Thiago Silva","Defender",7
"Esteban Cambiasso","Midfielder",7
"Alex Sandro","Defender",7
"Willy Sagnol","Defender",7
"Angelo Peruzzi","Goalkeeper",7
"Gael Clichy","Defender",7
"Martin Demichelis","Defender",7
"Emmanuel Adebayor","Forward",7
"Angel Di Maria","Midfielder",7
"Deco","Midfielder",7
"John Arne Riise","Defender",7
"Miralem Pjanic","Midfielder",7
"Javi Martinez","Defender",7
"Owen Hargreaves","Midfielder",7
"David Luiz","Defender",7
"Pepe Reina","Goalkeeper",7
"Michael Reiziger","Defender",7
"Dante","Defender",7
"Ivan Cordoba","Defender",7
"Fabio Aurelio","Defender",7
"Roy Makaay","Forward",7
"Hamit Altintop","Midfielder",7
"Kakha Kaladze","Defender",7
"Javier Pastore","Midfielder",7
"Andrea Barzagli","Defender",7
"Alessandro Costacurta","Defender",7
"Alexander Zickler","Forward",7
"Santiago Solari","Midfielder",7
"Phil Neville","Defender",7
"Claudio Pizarro","Forward",7
"Antoine Griezmann","Forward",6
"Daniele De Rossi","Midfielder",6
"Daniel van Buyten","Defender",6
"Mahamadou Diarra","Midfielder",6
"Thomas Linke","Defender",6
"Roberto Ayala","Defender",6
"Ze Roberto","Midfielder",6
"Filipe Luis","Defender",6
"Lillian Thuram","Defender",6
"Yannick Carrasco","Midfielder",6
"Fabio Coentrao","Defender",6
"Edinson Cavani","Forward",6
"Philippe Mexes","Defender",6
"Francesco Toldo","Goalkeeper",6
"Heurelho Gomes","Goalkeeper",6
"Gregory Coupet","Goalkeeper",6
"Ederson","Goalkeeper",6
"Keylor Navas","Goalkeeper",6
"Emerson","Midfielder",6
"Mark Iuliano","Defender",6
"Cris","Defender",6
"Stefan Klos","Goalkeeper",6
"Jan Oblak","Goalkeeper",6
"Noureddine Naybet","Defender",6
"Lukasz Piszczek","Defender",6
"Salvatore Sirigu","Goalkeeper",6
"Hans-Jorg Butt","Goalkeeper",6
"Mario Jardel","Forward",6
"Kevin De Bruyne","Midfielder",6
"Dwight Yorke","Forward",6
"Antonio Conte","Midfielder",6
"Ezequiel Ivan Lavezzi","Forward",6
"Lars Ricken","Midfielder",6
"John Carew","Forward",6
"Pablo Aimar","Midfielder",6
"Sylvain Wiltord","Forward",6
"Bernardo Silva","Midfielder",6
"Holger Badstuber","Defender",6
"Ilkay Gundogan","Midfielder",6
"Marco Materazzi","Defender",6
"Mats Hummels","Defender",6
"Luiz Gustavo","Midfielder",6
"Diego Simeone","Midfielder",6
"Steve McManaman","Midfielder",6
"Angelo Di Livio","Midfielder",6
"Darren Fletcher","Midfielder",6
"Cristian Chivu","Defender",6
"Juan Carlos Valeron","Midfielder",6
"Yaya Toure","Midfielder",6
"Fran","Midfielder",6
"Mirko Vucinic","Forward",6
"Luis Antonio Valencia","Midfielder",6
"Juan Bernat","Defender",6
"Nuri Sahin","Midfielder",6
"Hernan Crespo","Forward",6
"John Mikel Obi","Midfielder",6
"Gabri","Midfielder",6
"Tiago","Midfielder",6
"Savio","Forward",6
"Henning Berg","Defender",6
"Theo Walcott","Forward",6
"Rivaldo","Forward",6
"James Rodriguez","Midfielder",6
"Ludovic Giuly","Midfielder",6
"Serginho","Midfielder",6
"Alessandro Birindelli","Defender",6
"Thorsten Fink","Midfielder",6
"Nicolas Anelka","Forward",6
"Marco Reus","Midfielder",5
"Ronaldo","Forward",5
"Dirk Kuyt","Forward",5
"Saul Niguez","Midfielder",5
"Stephane Chapuisat","Forward",5
"Ronald de Boer","Midfielder",5
"Mesut Ozil","Midfielder",5
"Jefferson Farfan","Forward",5
"Jorge Costa","Defender",5
"Manuel Almunia","Goalkeeper",5
"Robert Kovac","Defender",5
"Ramires","Midfielder",5
"Patrik Andersson","Defender",5
"Ciro Ferrara","Defender",5
"Peter Schmeichel","Goalkeeper",5
"Amedeo Carboni","Defender",5
"Nicolas Otamendi","Defender",5
"Jurgen Kohler","Defender",5
"Danny Blind","Defender",5
"Marcel Desailly","Defender",5
"Bacary Sagna","Defender",5
"Mauro Camoranesi","Midfielder",5
"Fabinho","Defender",5
"Patrick Vieira","Midfielder",5
"Jeremy Toulalan","Midfielder",5
"Enrique Romero","Defender",5
"Juninho Pernambucano","Midfielder",5
"Christian Vieri","Forward",5
"Luis Enrique","Midfielder",5
"Paulo Dybala","Forward",5
"Eidur Gudjohnsen","Forward",5
"Sergio Aguero","Forward",5
"Andreas Moller","Midfielder",5
"Nwankwo Kanu","Forward",5
"Cafu","Defender",5
"Aliaksandr Hleb","Midfielder",5
"Joshua Kimmich","Midfielder",5
"Kily Gonzalez","Midfielder",5
"Michael Tarnat","Midfielder",5
"Vicente","Midfielder",5
"Marco Verratti","Midfielder",5
"Fredrik Ljungberg","Midfielder",5
"Sidney Govou","Forward",5
"Joan Capdevila","Defender",5
"Paulo Sergio","Forward",5
"Nani","Midfielder",5
"Djalminha","Midfielder",5
"Carlos Tevez","Forward",5
"Javier Hernandez","Forward",5
"Walter Pandiani","Forward",5
"Gregory van der Wiel","Defender",5
"Abou Diaby","Midfielder",5
"Adriano","Defender",5
"Abelardo","Defender",5
"Arda Turan","Midfielder",5
"Gaizka Mendieta","Midfielder",5
"Sinesa Mihajlovic","Defender",5
"Raul Albiol","Defender",5
"Winston Bogarde","Defender",5
"Aldo Duscher","Midfielder",5
"Diego Tristan","Forward",5
"Alexis Sanchez","Forward",5
"Gianluca Pessotto","Defender",5
"Teddy Sheringham","Forward",5
"Mario Gomez","Forward",5
"Michael Zorc","Midfielder",5
"Marcelo Zalayeta","Forward",5
"Mohamed Salah","Forward",4
"Ruud van Nistelrooy","Forward",4
"Peter Crouch","Forward",4
"Sadio Mane","Midfielder",4
"Diego Milito","Forward",4
"Javier Saviola","Forward",4
"Joaquin","Midfielder",4
"Christian Nerlinger","Midfielder",4
"Karlheinz Riedle","Forward",4
"Virgil van Dijk","Defender",4
"Ruben Baraja","Midfielder",4
"Serhiy Rebrov","Forward",4
"Andriy Husin","Midfielder",4
"Fabio Cannavaro","Defender",4
"Trent Alexander-Arnold","Defender",4
"James Milner","Midfielder",4
"Fernando","Midfielder",4
"Jocelyn Angloma","Defender",4
"Victor","Midfielder",4
"Jesus Navas","Midfielder",4
"David De Gea","Goalkeeper",4
"Joao Moutinho","Midfielder",4
"Alisson Becker","Goalkeeper",4
"Clement Lenglet","Defender",4
"Kyle Walker","Defender",4
"Claudio Marchisio","Midfielder",4
"Roman Weidenfeller","Goalkeeper",4
"Samuel Umtiti","Defender",4
"Hugo Lloris","Goalkeeper",4
"Danijel Subasic","Goalkeeper",4
"Aymeric Laporte","Defender",4
"Victor Lindelof","Defender",4
"Jens Lehmann","Goalkeeper",4
"Vitali Kossovsky","Defender",4
"Giuseppe Pancaro","Defender",4
"Cristiano Zanetti","Midfielder",4
"Samir Nasri","Midfielder",4
"Bodo Illgner","Goalkeeper",4
"Mauricio Pellegrino","Defender",4
"Mathieu Flamini","Midfielder",4
"Joao Miranda","Defender",4
"Willian","Midfielder",4
"Claudio Cacapa","Defender",4
"Oleksandr Shovkovskyi","Goalkeeper",4
"Lionel Scaloni","Defender",4
"Julio Cesar","Goalkeeper",4
"Martin Skrtel","Defender",4
"Manolo Sanchis","Defender",4
"Aly Cissokho","Defender",4
"Roberto Bonano","Goalkeeper",4
"Moreno Torricelli","Defender",4
"Benoit Cauet","Midfielder",4
"Steffen Freund","Midfielder",4
"Cesar Azpilicueta","Defender",4
"Juan Sanchez","Forward",4
"Paulinho Santos","Midfielder",4
"Julio Cesar","Defender",4
"Maicon","Defender",4
"Christophe Jallet","Midfielder",4
"Damien Duff","Midfielder",4
"Doni","Goalkeeper",4
"Albert Ferrer","Defender",4
"Ljubinko Drulovic","Midfielder",4
"Diego Lopez","Goalkeeper",4
"Jorg Heinrich","Defender",4
"Lothar Matthaus","Defender",4
"Marco Cassetti","Defender",4
"Henrikh Mkhitaryan","Midfielder",4
"Aitor Karanka","Defender",4
"Dmitri Alenichev","Midfielder",4
"Philippe Senderos","Defender",4
"Mauro Silva","Midfielder",4
"Mancini","Forward",4
"Walter Samuel","Defender",4
"Oleksandr Holovko","Defender",4
"Dietmar Hamann","Midfielder",4
"Roberto Firmino","Midfielder",4
"Raheem Sterling","Midfielder",4
"Shinji Kagawa","Midfielder",4
"Juan Esnaider","Forward",4
"Bojan Krkic","Forward",4
"Kiki Musampa","Midfielder",4
"Raul Meireles","Midfielder",4
"Adrien Rabiot","Midfielder",4
"Andre Schurrle","Forward",4
"David Trezeguet","Forward",4
"Jose Antonio Reyes","Forward",4
"Jaroslav Plasil","Midfielder",4
"Stephen Lichtsteiner","Defender",4
"Albert Riera","Midfielder",4
"Mario Melchiot","Defender",4
"Yacine Brahimi","Forward",4
"Pierre Emerick Aubameyang","Forward",4
"Sergio Conceicao","Midfielder",4
"Marquinhos","Defender",4
"Wolfgang Feiersinger","Defender",4
"Juan Roman Riquelme","Midfielder",4
"David Albelda","Midfielder",4
"Vladimir Jugovic","Midfielder",4
"Manuel Pablo","Defender",4
"Anthony Martial","Midfielder",4
"Paulo Ferreira","Defender",4
"Etame-Mayer Lauren","Midfielder",4
"Nelson Semedo","Defender",4
"Marcel Schmelzer","Defender",4
"Alex Song","Midfielder",4
"Andrea Raggi","Defender",4
"Christian Lell","Defender",4
"Hilario","Goalkeeper",4
"Andreas Ottl","Midfielder",4
"Paul Pogba","Midfielder",4
"Ivan Campo","Defender",4
"Chris Smalling","Defender",4
"Ulf Kirsten","Forward",4
"Gerard","Midfielder",4
"Robin van Persie","Forward",4
"Nicklas Bendtner","Forward",4
"Cristian Rodriguez","Midfielder",4
"Yoann Gourcuff","Midfielder",4
"Nordin Wooter","Forward",4
"Rui Costa","Midfielder",4
"Gabriel Milito","Defender",4
"Arnold Scholten","Midfielder",4
"Yohan Cabaye","Midfielder",4
"Okan Buruk","Midfielder",4
"Dimas","Defender",4
"Rafael Marquez (Mex)","Defender",4
"Gilberto Silva","Midfielder",4
"Julian Draxler","Midfielder",4
"Denilson","Midfielder",4
"Leroy Sane","Midfielder",4
"Boris Zivkovic","Defender",4
"Ousmane Dembele","Midfielder",4
"Ryan Babel","Forward",4
"Obafemi Martins","Forward",4
"Geremi","Midfielder",4
"Jon Dahl Tomasson","Forward",4
"Giorgios Karagounis","Midfielder",4
"Marc Bartra","Defender",4
"Mark Gonzalez","Midfielder",4
"Vladimir Smicer","Midfielder",4
"Danijel Pranjic","Midfielder",4
"Marco Asensio","Midfielder",4
"Angel Correa","Forward",4
"Mateo Kovacic","Midfielder",4
"Ivica Olic","Forward",3
"Lisandro Lopez","Forward",3
"Alan Smith","Forward",3
"Adriano","Forward",3
"Predrag Mijatovic","Forward",3
"Marcos Senna","Midfielder",3
"Rodrigo Taddei","Midfielder",3
"Mario Basler","Midfielder",3
"Joel Matip","Defender",3
"Massimo Oddo","Defender",3
"Hector Herrera","Midfielder",3
"Anderson","Midfielder",3
"Jesus Gamez","Defender",3
"Riyad Mahrez","Midfielder",3
"Jardel","Defender",3
"Luisao","Defender",3
"Thomas Helmer","Defender",3
"Nicolas Gaitan","Midfielder",3
"Carsten Ramelow","Midfielder",3
"Sokratis Papastathopoulos","Defender",3
"Oleg Luzhniy","Defender",3
"Steve Finnan","Defender",3
"Sergio","Midfielder",3
"Paulo Sousa","Midfielder",3
"Gheorghe Hagi","Midfielder",3
"Taribo West","Defender",3
"Dejan Lovren","Defender",3
"David Pizarro","Midfielder",3
"Jerzy Dudek","Goalkeeper",3
"Adrian Mutu","Forward",3
"Erik Durm","Defender",3
"Ivan Zamorano","Forward",3
"Stefan Reuter","Defender",3
"Maxi Pereira","Defender",3
"Mattia De Sciglio","Defender",3
"Aleksandr Khatskevich","Midfielder",3
"Jens Nowotny","Defender",3
"Andrew Robertson","Defender",3
"Aloisio","Defender",3
"Gonzalo Rodriguez","Defender",3
"Rafael van der Vaart","Midfielder",3
"Finidi George","Forward",3
"Phil Jones","Defender",3
"Martin Kree","Defender",3
"Kevin Grosskreutz","Midfielder",3
"Francesco Coco","Defender",3
"Christian Karembeu","Defender",3
"Eliseu","Midfielder",3
"Gabriel Jesus","Forward",3
"Philippe Coutinho","Midfielder",3
"Lucas Leiva","Midfielder",3
"Michele Padovano","Midfielder",3
"Jordan Henderson","Midfielder",3
"Juan Cuadrado","Midfielder",3
"Christian Abbiati","Goalkeeper",3
"Alvaro Morata","Forward",3
"Kwadwo Asamoah","Forward",3
"Andre Bergdolmo","Defender",3
"Robert Huth","Defender",3
"Andy van der Meyde","Midfielder",3
"Lassana Diarra","Midfielder",3
"Boudewijn Zenden","Midfielder",3
"Ioannis Goumas","Defender",3
"Ashley Young","Midfielder",3
"Gary Cahill","Defender",3
"Lucas Hernandez","Defender",3
"Sergi","Defender",3
"Alvaro Recoba","Forward",3
"Wojciech Szczesny","Goalkeeper",3
"Sven Bender","Midfielder",3
"Juliano Belletti","Defender",3
"Edmilson","Defender",3
"Miguel Nuno Morais","Forward",3
"Stefan Savic","Defender",3
"Johann Vogel","Midfielder",3
"Georginio Wijnaldum","Midfielder",3
"Goran Pandev","Forward",3
"Costinha","Midfielder",3
"Miroslav Djukic","Defender",3
"Aleksandar Kolarov","Defender",3
"Rodrigo Bentancur","Midfielder",3
"Nicola Amoruso","Forward",3
"Yossi Benayoun","Midfielder",3
"Alessandro Matri","Forward",3
"Attilio Lombardo","Midfielder",3
"Flavio Conceicao","Midfielder",3
"Patrik Berger","Midfielder",3
"Alen Boksic","Forward",3
"Nabil Dirar","Midfielder",3
"Fabian Delph","Midfielder",3
"Quinton Fortune","Midfielder",3
"Asier Illarramendi","Midfielder",3
"Jose Sosa","Midfielder",3
"Raul Garcia","Midfielder",3
"Esteban Granero","Midfielder",3
"Francisco Pavon","Defender",3
"Anatoly Tymoschuk","Midfielder",3
"Maxime Gonalons","Midfielder",3
"Zlatko Zahovic","Forward",3
"Thomas Strunz","Midfielder",3
"Julio Cruz","Forward",3
"Vassyl Kardash","Forward",3
"Jose Bosingwa","Defender",3
"Fernando Llorente","Forward",3
"Valere Germain","Forward",3
"Stephan El Shaaraway","Midfielder",3
"Jese","Forward",3
"Eduardo da Silva","Forward",3
"Julian Schieber","Forward",3
"Lucas Vazquez","Midfielder",3
"Thomas","Midfielder",3
"Guillermo Franco","Forward",3
"Heiko Herrlich","Forward",3
"Andre Gomes","Midfielder",3
"Heung Min Son","Midfielder",2
"Tore-Andre Flo","Forward",2
"Nicolas Ouedec","Forward",2
"Kylian Mbappe","Forward",2
"Maniche","Midfielder",2
"Marco Simone","Midfielder",2
"Edin Dzeko","Forward",2
"Edu","Forward",2
"Krzysztof Warzycha","Forward",2
"Jackson Martinez","Forward",2
"Ricardo Quaresma","Midfielder",2
"Marouane Chamakh","Forward",2
"Ricardo Rodriguez","Defender",2
"Yuri Nikiforov","Defender",2
"David May","Defender",2
"Eden Hazard","Midfielder",2
"Donny van de Beek","Midfielder",2
"Milinko Pantic","Midfielder",2
"David Neres","Forward",2
"Antonio Nocerino","Midfielder",2
"Javi Garcia","Midfielder",2
"Jose Maria Bakero","Midfielder",2
"Vincent Guerin","Midfielder",2
"George Weah","Forward",2
"Sabri Lamouchi","Midfielder",2
"Juan Jose Borrelli","Midfielder",2
"Trond-Egil Soltvedt","Forward",2
"Tijani Babangida","Forward",2
"Felipe Santana","Defender",2
"Mikael Martinsson","Forward",2
"Eric Cantona","Forward",2
"Luis Garcia","Forward",2
"Benedikt Howedes","Defender",2
"Gianfranco Zola","Forward",2
"Pablo Sarabia","Midfielder",2
"Ronaldinho Gaucho","Midfielder",2
"Alex Oxlade-Chamberlain","Midfielder",2
"Ian Harte","Defender",2
"Abel Xavier","Defender",2
"Radamel Falcao","Forward",2
"Mihalis Konstantinou","Forward",2
"Steven Pienaar","Midfielder",2
"Ray Parlour","Midfielder",2
"Deivid","Forward",2
"Jamie Vardy","Forward",2
"Angelos Basinas","Midfielder",2
"Hasan Sas","Forward",2
"Claudio Lopez","Forward",2
"Umit Davala","Midfielder",2
"Wayne Bridge","Defender",2
"Albert Luque","Forward",2
"Diego Forlan","Forward",2
"Pegguy Luyindula","Forward",2
"Michel Bastos","Midfielder",2
"Sinica Gogic","Forward",2
"Yaroslav Rakitskiy","Defender",2
"Kostas Manolas","Defender",2
"Eder Militao","Defender",2
"Stefan Beinlich","Midfielder",2
"Matthijs de Ligt","Defender",2
"Thomas Lemar","Midfielder",2
"Christian Eriksen","Midfielder",2
"Jose Ailton","Forward",2
"Sergio Escudero","Defender",2
"Maximilian Arnold","Midfielder",2
"Bruno Henrique","Forward",2
"Benni McCarthy","Forward",2
"Julio Baptista","Forward",2
"Selcuk Inan","Midfielder",2
"Alexander Baumjohann","Midfielder",2
"Jose Manuel Jurado","Midfielder",2
"Michael Owen","Forward",2
"Danny Murphy","Midfielder",2
"Alex Telles","Defender",2
"Kieran Trippier","Defender",2
"Lasse Schone","Midfielder",2
"Jerome Rothen","Midfielder",2
"Francesco Totti","Forward",2
"Hakim Ziyech","Forward",2
"Mehmet Aurelio","Midfielder",2
"Philippe Leonard","Defender",2
"Paul Lambert","Midfielder",2
"Joonas Kolkka","Forward",2
"Carlos Aguilera","Midfielder",2
"Willy Caballero","Goalkeeper",2
"Yuri Dmytrulin","Defender",2
"Ryszard Staniek","Midfielder",2
"John Collins","Midfielder",2
"Franck Dumas","Defender",2
"Danny Simpson","Defender",2
"Emil Kostadinov","Forward",2
"Yurii Kalitvintsev","Midfielder",2
"Hatem Trabelsi","Defender",2
"Arthur","Midfielder",2
"Christian Worns","Defender",2
"Victor Ikpeba","Forward",2
"Jan Heintze","Defender",2
"Lucho Gonzalez","Midfielder",2
"Ali Benarbia","Midfielder",2
"Frederic Danjou","Defender",2
"Muhamed Konjic","Defender",2
"Bernd Schneider","Midfielder",2
"Martin Djetou","Defender",2
"Sebastian Viera","Goalkeeper",2
"Eric Hoftun","Defender",2
"Layvin Kurzawa","Defender",2
"Vladimir But","Midfielder",2
"David Ginola","Forward",2
"Vegard Heggem","Forward",2
"Luigi Di Biagio","Midfielder",2
"Pizzi","Midfielder",2
"Cesar","Defender",2
"Rod Fanni","Defender",2
"Josuha Guilavogui","Midfielder",2
"Gabriel Heinze","Defender",2
"Diego Placente","Defender",2
"Aleksei Gerasimenko","Defender",2
"Santi","Defender",2
"Sven Scheuer","Goalkeeper",2
"Otavio","Midfielder",2
"Franck Silvestre","Defender",2
"Michael Laudrup","Forward",2
"Kamil Glik","Defender",2
"Dominique Casagrande","Goalkeeper",2
"Jacek Zielinski","Defender",2
"Rafael Alkorta","Defender",2
"Jose Luis Caminero","Midfielder",2
"Carlos Busquets","Goalkeeper",2
"Dirk Heinen","Goalkeeper",2
"Nikos Liberopoulos","Forward",2
"Laurent Blanc","Defender",2
"Tonci Gabric","Goalkeeper",2
"Jemerson","Defender",2
"Jorn Jamtfull","Goalkeeper",2
"Djimi Traore","Defender",2
"Fabiano","Goalkeeper",2
"Thomas Vermaelen","Defender",2
"Patrick Colleter","Defender",2
"Philiippe Violeau","Midfielder",2
"Magnus Erlingmark","Midfielder",2
"Edmilson","Midfielder",2
"Paulo Bento","Midfielder",2
"Vladyslav Vashchuk","Defender",2
"William","Defender",2
"Sigurd Rushfeldt","Forward",2
"Karol Prazenica","Defender",2
"Scott McTominay","Forward",2
"Bogdan Lobont","Goalkeeper",2
"Dimitrios Mavrogenidis","Defender",2
"Ronald Koeman","Defender",2
"William Boaventura","Defender",2
"Kevin-Prince Boateng","Midfielder",2
"Vasilios Karapialis","Midfielder",2
"Antoine Kombouare","Defender",2
"Jahn Ivar Jakobsen","Forward",2
"Emiliano Moretti","Defender",2
"Andre Ayew","Forward",2
"Timmy Simons","Midfielder",2
"Bent Skammelsrud","Midfielder",2
"Wissam Ben Yedder","Forward",2
"Sergei Bezhenar","Defender",2
"Naldo","Defender",2
"Lee Dixon","Defender",2
"Tony Adams","Defender",2
"Moussa Sissoko","Midfielder",2
"Hans-Peter Lehnoff","Defender",2
"Gary Pallister","Defender",2
"Atsuto Uchida","Defender",2
"Luca Antonini","Defender",2
"Mikola Ishchenko","Defender",2
"Loic Remy","Forward",2
"Kyriakos Papadopoulos","Defender",2
"Danilo Pereira","Defender",2
"Vedran Corluka","Defender",2
"Valeri Ketchinov","Defender",2
"Gianluca Pagliuca","Goalkeeper",2
"Bruno Alves","Defender",2
"Kyriakos Karataidis","Defender",2
"Alexandre Lipko","Defender",2
"Luiz Adriano","Forward",2
"Rolando","Defender",2
"Tomas Hubschmann","Defender",2
"Jozef Wandzik","Goalkeeper",2
"Marco Reich","Midfielder",2
"Efstratios Apostolakis","Defender",2
"Uwe Rosler","Forward",2
"Sotiris Kyrgiakos","Defender",2
"Michael Dawson","Defender",2
"Daniel Bravo","Midfielder",2
"Roman Burki","Goalkeeper",2
"Emile Heskey","Forward",2
"Benoit Assou-Ekotto","Defender",2
"Yildiray Basturk","Midfielder",2
"Jadson","Midfielder",2
"Daniel Saric","Defender",2
"Andrei Pyatov","Goalkeeper",2
"Stephane Henchoz","Defender",2
"Stephane Mbia","Midfielder",2
"Jon Olav Hjelde","Defender",2
"Hans Sarpei","Defender",2
"Nicolas N'Koulou","Defender",2
"Andrea Ranocchia","Defender",2
"Bruno Martins Indi","Defender",2
"Wilfred Ndidi","Midfielder",2
"Aymen Abdennour","Defender",2
"Kasper Schmeichel","Goalkeeper",2
"Maicon","Defender",2
"Roberto Baggio","Forward",2
"Vitor Paneirs","Midfielder",2
"Felipo Melo","Midfielder",2
"Edu Dracana","Defender",2
"Fernando Muslera","Goalkeeper",2
"Volkan Demirel","Goalkeeper",2
"Neven Subotic","Defender",2
"Antonio Veloso","Defender",2
"Semih Kaya","Defender",2
"Nenad Pralija","Midfielder",2
"Georgios Amanatidas","Defender",2
"Halil Altintop","Forward",2
"Federico Bernardeschi","Midfielder",2
"Kevin Kuranyi","Forward",2
"Francesco Colonnese","Defender",2
"Jose Cobos","Defender",2
"Giuseppe Bergomi","Defender",2
"Frank Rijkaard","Midfielder",2
"Martin Wagner","Midfielder",2
"Marcel Witeczek","Defender",2
"Janos Hrutka","Defender",2
"Stefan Pettersson","Forward",2
"Jurgen Rische","Forward",2
"Abubakari Yakubu","Forward",2
"Ilias Poursanidis","Midfielder",2
"Harry Decheiver","Forward",2
"Fabio Quagliarella","Forward",2
"Joao Pinto","Forward",2
"Grigoris Georgatos","Midfielder",2
"Axel Witsel","Midfielder",2
"Ciriaco Sforza","Midfielder",2
"Stefan Lindqvist","Midfielder",2
"Dimitrios Eleftheropoulos","Goalkeeper",2
"Diego Lugano","Defender",2
"Vitorino Antunes","Defender",2
"Miguel","Defender",2
"Predrag Djordjevic","Midfielder",2
"David Soria","Goalkeeper",2
"Zoran Mirkovic","Defender",2
"Kevin Strootman","Midfielder",2
"Juan Mata","Midfielder",2
"Franco Vasquez","Midfielder",2
"Rafael Da Silva","Defender",2
"Federico Fazio","Defender",2
"Thomas Riedl","Midfielder",2
"Robinho","Forward",2
"Georgios Anatolakis","Defender",2
"Vincent Kompany","Defender",2
"Nigel Martyn","Goalkeeper",2
"Matthias Ginter","Defender",2
"Andreas Reinke","Goalkeeper",2
"Danny Rose","Defender",2
"David Seaman","Goalkeeper",2
"Sol Campbell","Defender",2
"Danny Mills","Defender",2
"Harry Kewell","Forward",2
"Christian Fuchs","Defender",2
"Helton","Goalkeeper",2
"Toby Alderweireld","Defender",2
"Bulent Korkmaz","Defender",2
"Marc Albrighton","Midfielder",2
"Lee Bowyer","Midfielder",2
"Nacho","Defender",2
"Vadim Evseev","Defender",2
"Julian Weigl","Midfielder",2
"Matthieu Valbuena","Midfielder",2
"Stelios Giannakopoulos","Midfielder",2
"Artur Moraes","Goalkeeper",2
"Emerson","Defender",2
"Pietro Vierchowod","Defender",2
"Shinji Okazaki","Forward",2
"Sonny Silooy","Defender",2
"Almamy Toure","Defender",2
"Dusan Tadic","Midfielder",2
"Delfi Geli","Defender",2
"Ilya Tsymbalar","Forward",2
"Lionel Charbonnier","Goalkeeper",2
"Georgios Georgiadis","Midfielder",2
"Moussa Saib","Midfielder",2
"Christian Sapunaru","Defender",2
"Daley Blind","Defender",2
"Angel Lopez","Defender",2
"Joachim Bjorklund","Defender",2
"Maciej Szczesny","Goalkeeper",2
"Bernard Diomede","Forward",2
"Sebastian Eguren","Midfielder",2
"Pep Guardiola","Midfielder",2
"Luca Toni","Forward",2
"Andre Onana","Goalkeeper",2
"Hulk","Forward",2
"Radek Bejbl","Midfielder",2
"Oscar Cardozo","Forward",2
"Jose Barroso","Midfielder",2
"Giuseppe Rossi","Forward",2
"Alain Goma","Defender",2
"Athanasios Kolitsidakis","Defender",2
"Bruno Cesar","Midfielder",2
"Roman Kosecki","Forward",2
"Carlo Cudicini","Goalkeeper",2
"Zbigniew Mandziejewicz","Defender",2
"Lilian Laslandes","Forward",2
"Renato Sanches","Midfielder",2
"Roar Strand","Midfielder",2
"Michel Preud'homme","Goalkeeper",2
"Dennis Wise","Midfielder",2
"Panagiotis Fyssas","Defender",2
"Capucho","Forward",2
"Frenkie de Jong","Midfielder",2
"Ruud Hesp","Goalkeeper",2
"Antonios Nikopolidis","Goalkeeper",2
"Celestine Babayaro","Defender",2
"Thomas Ravelli","Goalkeeper",2
"Roberto Solozabal","Defender",2
"Marcus Rashford","Forward",2
"Javier Farinos","Midfielder",2
"Jesus Manuel Corona","Midfielder",2
"Stale Stensaas","Defender",2
"Rene Henriksen","Defender",2
"Matthias Sammer","Defender",2
"Zoltan Sebescen","Midfielder",2
"Sergio Porrini","Defender",2
"Paul Le Guen","Defender",2
"Raphael Guerreiro","Defender",2
"Daniel Agger","Defender",2
"Sebastian Kehl","Midfielder",2
"Felipe","Defender",2
"Chendo","Defender",2
"Javi Venta","Defender",2
"Wendel","Midfielder",2
"Geoffrey Kondogbia","Midfielder",2
"Matias Almeyda","Midfielder",2
"Lukas Podolski","Forward",2
"Pavel Mamaev","Midfielder",2
"Richard Witschge","Midfielder",2
"Paulo Negro","Defender",2
"Dejan Savicevic","Midfielder",2
"Lamine Sane","Defender",2
"Oliver","Midfielder",2
"Igor Akinfeev","Goalkeeper",2
"Magnus Johansson","Defender",2
"Aleksei Berezoutski","Defender",2
"Mikael Nilsson","Defender",2
"Keisuke Honda","Midfielder",2
"Emre Belozoglu","Midfielder",2
"Tomas Necid","Forward",2
"Jeremy Morel","Defender",2
"Sergei Ignaschevich","Defender",2
"Gokcek Vederson","Defender",2
"Cesar Delgado","Forward",2
"Sasa Person","Defender",2
"Georgi Schennikov","Midfielder",2
"Sebastiano Rossi","Goalkeeper",2
"Jody Morris","Midfielder",2
"Gerald Asamoah","Forward",2
"Dele Alli","Midfielder",2
"Marcelo Bordon","Defender",2
"Vasili Berezoutski","Defender",2
"Mladen Krstajic","Defender",2
"Esquerdinha","Defender",2
"Daniele Massaro","Midfielder",2
"Michael Ciani","Defender",2
"Claudio Maldonado","Midfielder",2
"Jerzy Podbrozny","Forward",2
"Alex Souza","Midfielder",2
"Cedric Carrasso","Goalkeeper",2
"Levan Kobiashvili","Midfielder",2
"Danny Welbeck","Forward",2
"Fabian Ernst","Midfielder",2
"Andrei Tikhonov","Midfielder",2
"Heiko Westermann","Defender",2
"Deividas Semberas","Defender",2
"Ivan Iglesias","Midfielder",2
"Benoit Tremoulinas","Defender",2
"Zvonimar Boban","Midfielder",2
"Fred","Midfielder",2
"Hristo Stoichkov","Forward",2
"Jose Manuel Pinto","Goalkeeper",2
"Aljosa Asanovic","Midfielder",2
"Oscar","Midfielder",2
"Dieter Frey","Defender",2
"Spiridon Maragos","Midfielder",2
"Igor Stimac","Defender",2
"Leszek Pisz","Midfielder",2
"Simone Perrotta","Midfielder",2
"Daniel Drinkwater","Midfielder",2
"Christian Ziege","Defender",2
"Helio Pinto","Midfielder",2
"Carlos Marchena","Defender",2
"Thibaut Courtois","Goalkeeper",2
"Franco Baresi","Defender",2
"Petri Pasanen","Defender",2
"John O'Brien","Midfielder",2
"Ed de Goey","Goalkeeper",2
"Stefan Rehn","Midfielder",2
"Yannis Kalitzakis","Defender",2
"Claudio Caniggia","Forward",2
"Fernando Nelson","Defender",2
"Pontus Kamark","Defender",2
"Dmitri Ananko","Defender",2
"Cesar Sanchez","Goalkeeper",2
"Carlos Chainho","Midfielder",2
"Valdo","Midfielder",2
"Radoslaw Michalski","Midfielder",2
"Martin Keown","Defender",2
"Alou Diarra","Midfielder",2
"Bernard Lama","Goalkeeper",2
"Serge Aurier","Defender",2
"Txiki Beguiristain","Forward",2
"Daniele Rugani","Defender",2
"Constantinos Charalambides","Midfielder",2
"Yohan Benalouane","Defender",2
"Benjamin Mendy","Defender",2
"Paulo Jorge","Defender",2
"Asier Del Horno","Defender",2
"Savvas Poursaitidis","Midfielder",2
"Jason Culina","Midfielder",2
"Grzegorz Lewandowski","Midfielder",2
"Kevin Trapp","Goalkeeper",2
"Raimonde van der Gouw","Goalkeeper",2
"Sven Ulreich","Goalkeeper",2
"Ruslan Nigmatullin","Goalkeeper",2
"Christian Wilhelmsson","Midfielder",2
"Joel Veltman","Defender",2
"Mika Vayrynen","Midfielder",2
"Eric Decroix","Defender",2
"Carlos Salcido","Defender",2
"Christophe Pignol","Defender",2
"Alessandro Florenzi","Midfielder",2
"Suat Kaya","Midfielder",2
"Diego Benaglio","Goalkeeper",2
"Jan Vertonghen","Defender",2
"Marek Jankulovski","Midfielder",2
"Dominic Matteo","Defender",2
"Loris Karius","Goalkeeper",2
"Olivier Dacourt","Midfielder",2
"Vieirinha","Midfielder",2
"Mark Viduka","Forward",2
"Andre Almeida","Defender",2
"David Batty","Midfielder",2
"Steven N'Zonzi","Midfielder",2
"Claudio Taffarel","Goalkeeper",2
"Joaquin Correa","Midfielder",2
"Ljubomir Fejsa","Midfielder",2
"Joe Hart","Goalkeeper",2
"Serge Le Dizet","Defender",2
"Jose Garcia Calvo","Defender",2
"Eliaquim Mangala","Defender",2
"Danilo","Defender",2
"Moussa Marega","Midfielder",2
"Edouard Cisse","Forward",2
"Francois Clerc","Defender",2
"Dario Simic","Defender",2
"Patrick Muller","Midfielder",2
"Alberto Gilardino","Forward",2
"Edu","Midfielder",2
"Jonathan Zebina","Midfielder",2
"Julien Rodriguez","Defender",2
"Alvaro Mejia","Defender",2
"Vitor Baia","Goalkeeper",2
"Scott Parker","Midfielder",2
"Milan Baros","Forward",2
"Jan Vennegoor of Hesselink","Forward",2
"Moretto","Goalkeeper",2
"Leo","Defender",2
"Jorge Andrade","Defender",2
"Giuseppe Favalli","Defender",2
"Carlos Alberto","Midfielder",2
"Marco Ambrosio","Goalkeeper",2
"Beto","Midfielder",2
"Geovanni","Forward",2
"Wilfred Bouma","Defender",2
"Nuno Valente","Defender",2
"Andre Ooijer","Defender",2
"Igor Biscan","Defender",2
"Flavio Roma","Goalkeeper",2
"Simao Sabrosa","Forward",2
"Gael Givet","Defender",2
"Petit","Midfielder",2
"Anderson","Defender",2
"Henrik Larsson","Forward",2
"Jose Maria Romero","Forward",2
"Giovanni van Bronckhorst","Defender",2
"Juan Manuel Pena","Defender",2
"Manuel Fernandes","Midfielder",2
"Ricardo Rocha","Defender",2
"Juan Pablo Sorin","Defender",2
"Young Pyo Lee","Midfielder",2
"Oleguer","Defender",2
"Simone Inzaghi","Forward",2
"Paulo Guerrero","Forward",2
"Colin Kazim-Richards","Forward",2
"Marcelo Salas","Forward",2
"Raul Jimenez","Forward",2
"Rai","Midfielder",2
"Joao Cancelo","Defender",2
"Mathieu Bodmer","Midfielder",2
"Hugo Ibarra","Defender",2
"Simone Padoin","Midfielder",2
"Matias Fernandez","Midfielder",2
"Umut Bulut","Forward",2
"Jermaine Pennant","Midfielder",2
"Duda","Midfielder",2
"Quique Alavarez","Defender",2
"Morgan Amalfitano","Midfielder",2
"Ugur Boral","Midfielder",2
"Benoit Cheyrou","Midfielder",2
"Lukasz Fabianski","Goalkeeper",2
"Oliver Kirch","Midfielder",2
"Fred","Forward",2
"Diego Costa","Forward",2
"Jeremy Mathieu","Defender",2
"Brandao","Forward",2
"Mateja Kezman","Forward",2
"Kaka","Defender",2
"Csaba Feher","Defender",2
"Alberto Aquilani","Midfielder",2
"Jussie","Forward",2
"Sandro","Midfielder",2
"Javier Calleja","Midfielder",2
"Yuto Nagatomo","Defender",2
"Laurent Robert","Forward",2
"Ibrahim Afellay","Midfielder",2
"Ariel Ibagaza","Midfielder",2
"Alan Dzagoev","Midfielder",2
"Fabrizio Miccoli","Forward",2
"Yoan Gouffran","Forward",2
"Semih Senturk","Forward",2
"Jose Maria Gimenez","Defender",2
"Roberto Pereyra","Midfielder",2
"Milos Jojic","Midfielder",2
"Max Tonetto","Midfielder",2
"Kim Kallstrom","Defender",2
"Eduardo Salvio","Midfielder",2
"Matthieu Chalme","Defender",2
"Augusto Fernandez","Midfielder",2
"Gokhan Zan","Defender",2
"Nemanja Matic","Midfielder",2
"Anthony Le Tallec","Forward",2
"Tiquinho Soares","Forward",2
"Dan Petrescu","Defender",2
"Roberto Di Matteo","Midfielder",2
"Fatih Akyel","Defender",2
"Valyantsin Byalkevich","Midfielder",2
"Harry Koch","Defender",2
"Ratinho","Midfielder",2
"Rene Tretschok","Midfielder",2
"Paulo Rink","Forward",2
"Daniel Fonseca","Forward",2
"Tomasz Wieszczycki","Midfielder",2
"Dennis Bergkamp","Forward",2
"Oliver Neuville","Forward",2
"Tomasz Sokolowski","Midfielder",2
"Goran Vlaovic","Forward",2
"Knut Reinhardt","Midfielder",2
"Igor Tudor","Defender",2
"Antoine Sibierski","Midfielder",2
"Borja Fernandez","Midfielder",2
"Diogo Dalot","Defender",2
"Jesse Lingard","Midfielder",2
"Romelu Lukaku","Forward",2
"Francisco Rufete","Midfielder",2
"Victor Wanyama","Midfielder",2
"Giovanni Pasquale","Defender",2
"Divock Origi","Forward",2
"Marco Di Vaio","Forward",2
"Valeri Shmarov","Forward",2
"Cezary Kucharski","Forward",2
"Quique Flores","Defender",2
"Georgios Kapouranis","Defender",2
"Jocelyn Gourvennec","Midfielder",2
"Oliver Kreuzer","Defender",2
"Damir Vuica","Defender",2
"Eric Deflandre","Defender",2
"Raul Bravo","Defender",2
"Jose Mari","Midfielder",2
"Andrei Pyatnitsky","Midfielder",2
"Michel","Midfielder",2
"Antonio Nunez","Midfielder",2
"Markus Schupp","Midfielder",2
"Pedro Emanuel","Defender",2
"Vikash Dhorasoo","Midfielder",2
"Milan Rapajic","Midfielder",2
"Dani Garcia","Forward",2
"Nicola Ventola","Forward",2
"Mariano","Forward",2
"Rene Schneider","Defender",2
"Mats Lilienberg","Forward",2
"Esteban Solari","Forward",2
"Nordin Amrabat","Forward",2
"Giovanni Stroppa","Midfielder",2
"Max Kruse","Forward",2
"Marques Isaias","Midfielder",2
"DaMarcus Beasley","Forward",2
"Vicente Sanchez","Forward",2
"Christian Pulisic","Midfielder",2
"Daniel Sturridge","Forward",2
"Alekos Alexandris","Forward",2
"Davor Suker","Forward",2
"Paco Alcacer","Forward",2
"Oscar","Midfielder",2
"Emmanuel Olisadebe","Forward",2
"Clayton","Forward",2
"Tomas Costa","Midfielder",2
"Mista","Forward",2
"Fernando","Midfielder",2
"Ruben Neves","Midfielder",2
"Bulent Akin","Midfielder",2
"John Veldman","Defender",2
"Sebastian Rode","Midfielder",2
"Alex Portillo","Forward",2
"Cristian Tello","Forward",2
"Matheus Carvalho","Forward",2
"Kevin Gameiro","Forward",2
"Hugo Viana","Midfielder",2
"Evandro","Midfielder",2
"Harald Brattbakk","Forward",2
"Bruno Costa","Midfielder",2
"Giovani Dos Santos","Forward",2
"Rui Barros","Midfielder",2
"Jermain Defoe","Forward",2
"Edgaras Jankauskas","Forward",2
"Soren Larsen","Forward",2
"Nigel De Jong","Midfielder",2
"Mauro Esposito","Midfielder",2
"Luis Muriel","Forward",2
"Rodrigo Moreno","Forward",2
"Lukas Schmitz","Midfielder",2
"Kingsley Coman","Midfielder",2
"Nolito","Forward",2
"Stephane Carnot","Midfielder",2
"Olexandr Radchenko","Midfielder",2
"Jose Amavisca","Midfielder",2
"Elvir Rahimic","Midfielder",2
"Aleandro Rosi","Midfielder",2
"Mario Lemina","Midfielder",2
"Hassan El Fakiri","Midfielder",2
"Jean-Michel Ferri","Midfielder",2
"Javier Portillo","Forward",2
"Artem Bezrodny","Forward",2
"Jean-Marc Chanelet","Defender",2
"Sun Xiang","Defender",2
"Kiko","Forward",1
"Naby Keita","Midfielder",1
"Sebastien Squillaci","Defender",1
"Gustavo Manduca","Midfielder",1
"Japhet N'Doram","Midfielder",1
"Rodolfo Arruabarrena","Defender",1
"Darron Gibson","Midfielder",1
"Martin Montoya","Defender",1
"Adrian Lopez","Forward",1
"Darijo Srna","Defender",1
"Diego Perotti","Forward",1
"Donato","Midfielder",1
"Frank Leboeuf","Defender",1
"Jan Kromkamp","Defender",1
"Demetrio Albertini","Midfielder",1
"Luke Shaw","Defender",1
"Manuele Blasi","Midfielder",1
"Manuel Da Costa","Defender",1
"Mehdi Carcela-Gonzalez","Midfielder",1
"Nelo","Defender",1
"Bruno Carotti","Defender",1
"Craig Bellamy","Forward",1
"Diego Tardelli","Forward",1
"Jean Makoun","Midfielder",1
"Eric Addo","Defender",1
"Weligton","Defender",1
"Mohamed Sissoko","Midfielder",1
"Eusebio","Midfielder",1
"Arouna Kone","Forward",1
"Juan","Defender",1
"Glen Johnson","Defender",1
"Carlos Mozer","Defender",1
"Dirk Marcellis","Defender",1
"Fabrizio Ravanelli","Forward",1
"Scott Carson","Goalkeeper",1
"Torsten Frings","Midfielder",1
"Andrzej Wozniak","Goalkeeper",1
"Marc Planus","Defender",1
"Joao Pinto","Defender",1
"Edison Mendez","Midfielder",1
"Sergio Sanchez","Defender",1
"Cesar Arzo","Defender",1
"Gabriel Mercado","Defender",1
"Tomas Rosicky","Midfielder",1
"Gheorghe Popescu","Defender",1
"Oliver Torres","Midfielder",1
"Patrik Schick","Forward",1
"Harry Kane","Forward",1
"Konstantinos Mitroglou","Forward",1
"Jean-Alain Boumsong","Defender",1
"Marco Ballotta","Goalkeeper",1
"Bafetimbi Gomis","Forward",1
"Edilson","Forward",1
"Fernando Menegazzo","Defender",1
"Alain Roche","Defender",1
"Ramiz Mamedov","Defender",1
"Massimo Carrera","Defender",1
"Harry Winks","Midfielder",1
"Carlos Gamarra","Defender",1
"Christian Brocchi","Midfielder",1
"Radja Nainggolan","Midfielder",1
"Laurent Guyot","Defender",1
"Tomas Galasek","Midfielder",1
"Jimmy Floyd Hasselbaink","Forward",1
"Miguel Angel Nadal","Defender",1
"Andreas Zikos","Midfielder",1
"Costa","Midfielder",1
"Marcin Jalocha","Midfielder",1
"Mikel Lasa","Defender",1
"Yuri Zhirkov","Midfielder",1
"Jeremie Berthod","Defender",1
"Dado Prso","Forward",1
"Dany Nounkeu","Defender",1
"Lucas Bernardi","Midfielder",1
"Fabio Rochemback","Midfielder",1
"Aaron Lennon","Midfielder",1
"Guerino Gottardi","Midfielder",1
"Ivan Marcano","Defender",1
"Jesus Vallejo","Defender",1
"Christoph Metzelder","Defender",1
"Jonas Ohlsson","Defender",1
"Razvan Rat","Defender",1
"Mark Bosnich","Goalkeeper",1
"Luis Milla","Midfielder",1
"Kieran Gibbs","Defender",1
"Vasyl Kobin","Midfielder",1
"Stefano Eranio","Midfielder",1
"Viacheslav Shevchuk","Defender",1
"Ever Banega","Midfielder",1
"Paulo Pereira","Midfielder",1
"Michael Rensing","Goalkeeper",1
"Zoran Vulic","Defender",1
"Evgeni Aldonin","Midfielder",1
"Giorgios Alexopoulos","Defender",1
"Giuliano Giannichedda","Midfielder",1
"Mario Mestrovic","Midfielder",1
"Renato Jurcec","Forward",1
"Darko Butorovic","Defender",1
"Ivica Mornar","Forward",1
"Hector","Defender",1
"Peter Eriksson","Midfielder",1
"Roberto Donadoni","Midfielder",1
"Eddy Capron","Defender",1
"Cesar Aparecido","Midfielder",1
"Gianluca Vialli","Forward",1
"Diego Reyes","Midfielder",1
"Tomislav Erceg","Forward",1
"Mehdi Benatia","Defender",1
"Jelle Van Damme","Defender",1
"Mario Suarez","Midfielder",1
"Guilherme Siqueira","Midfielder",1
"Stephane Dalmat","Midfielder",1
"Marek Jozwiak","Defender",1
"Toni","Defender",1
"Wes Morgan","Defender",1
"Jacek Bednarz","Midfielder",1
"Tiemoue Bakayoko","Midfielder",1
"Bruno Peres","Defender",1
"Andreas Buck","Midfielder",1
"Artur","Forward",1
"Reynald Pedros","Midfielder",1
"Igor Korneev","Midfielder",1
"Pierre Wome","Defender",1
"Rui Jorge","Defender",1
"Markus Happe","Defender",1
"Joao Manuel Pinto","Defender",1
"Sergei Nagorniak","Forward",1
"Francisco Buyo","Goalkeeper",1
"Milos Krasic","Midfielder",1
"Carsten Wolters","Midfielder",1
"Ruben Olivera","Midfielder",1
"Jose Tavares","Midfielder",1
"Dimitrios Markos","Midfielder",1
"Burak Yilmaz","Forward",1
"Luca Marchegiani","Goalkeeper",1
"Jakub Blaszczykowski","Midfielder",1
"Fernando Mendes","Defender",1
"Manuel Iturra","Midfielder",1
"Nicolas Tagliafico","Defender",1
"Federico Peluso","Defender",1
"Jermaine Jenas","Midfielder",1
"Lorenzo Pellegrini","Midfielder",1
"Emre Can","Midfielder",1
"Ignacio Camacho","Midfielder",1
"Christian Henna","Midfielder",1
"Emre Asik","Defender",1
"Jesper Blomqvist","Midfielder",1
"Capone","Defender",1
"Andrey Arshavin","Forward",1
"Ergun Penbe","Midfielder",1
"Tom Huddlestone","Midfielder",1
"Jonny Evans","Defender",1
"Roman Pavlyuchenko","Forward",1
"Jonas Goncalves","Forward",1
"Breno","Defender",1
"Cani","Midfielder",1
"Miguel Soler","Defender",1
"Joseba Llorente","Forward",1
"Emerson Thome","Defender",1
"Bruno Soriano","Midfielder",1
"Juan","Defender",1
"Marco Ruben","Forward",1
"Gokhan Gonul","Defender",1
"Filippo Galli","Defender",1
"Christian Pander","Defender",1
"Benoit Pedretti","Midfielder",1
"Bodo Schmidt","Defender",1
"Simon Kjaer","Defender",1
"Marinos Ouzounidis","Defender",1
"Guido Pizarro","Midfielder",1
"Onder Turaci","Defender",1
"Stjepan Andrijasevic","Midfielder",1
"Jermaine Jones","Midfielder",1
"Thomas Brdaric","Forward",1
"George Donis","Midfielder",1
"Mirsad Hibic","Defender",1
"Marouane Fellaini","Midfielder",1
"Michaelangelo Rampulla","Goalkeeper",1
"Djibril Diawara","Defender",1
"Youri Djorkaeff","Forward",1
"Alexander Buttner","Defender",1
"Emerson","Midfielder",1
"Manuel Friedrich","Defender",1
"Sylvain Legwinski","Midfielder",1
"Noussair Mazraoui","Midfielder",1
"Ignazio Abate","Defender",1
"Fabio Galante","Defender",1
"Hany Ramzy","Defender",1
"Aron Winter","Midfielder",1
"Elinton Andrade","Goalkeeper",1
"Isaac Cuenca","Midfielder",1
"Nektarios Alexandrou","Midfielder",1
"Daniele Bonera","Defender",1
"Ivan Trickovski","Forward",1
"Marcelo Oliveira","Defender",1
"Urko Rafael Pardo","Goalkeeper",1
"Robert Jarni","Defender",1
"Steve Mandanda","Goalkeeper",1
"Marcinho","Midfielder",1
"Dionisis Chiotis","Goalkeeper",1
"Anderson Talisca","Midfielder",1
"Dani","Forward",1
"Diego","Midfielder",1
"Jose Callejon","Forward",1
"Demba Ba","Forward",1
"Andreas Niniadis","Midfielder",1
"Cengiz Under","Midfielder",1
"Carles Alena","Midfielder",1
"Santi Cazorla","Midfielder",1
"Jeremy Clement","Midfielder",1
"Sandro Wagner","Forward",1
"Marcel","Forward",1
"Kieran Richardson","Midfielder",1
"Federico Balzaretti","Defender",1
"Andreas Pereira","Midfielder",1
"Nico Kovac","Midfielder",1
"Carlos Grossmuller","Midfielder",1
"Andreas Gorlitz","Defender",1
"Robbie Fowler","Forward",1
"Derek Boateng","Midfielder",1
"Klass - Jan Huntelaar","Forward",1
"Leonidas Vokolos","Defender",1
"Davinson Sanchez","Defender",1
"Jan Michaelsen","Midfielder",1
"Danny Ings","Forward",1
"Jesper Gronkjaer","Midfielder",1
"Ali Bilgin","Midfielder",1
"Xherdan Shaqiri","Midfielder",1
"Shaun Wright-Phillips","Midfielder",1
"Josico","Midfielder",1
"Pedro Mendes","Forward",1
"Nihat Kahveci","Forward",1
"Moise Kean","Forward",1
"Guilherme","Forward",1
"Stefano Okaka","Forward",1
"Tim Borowski","Midfielder",1
"Rens Van Eijden","Defender",1
"Sulley Muntari","Midfielder",1
"Dominic Solanke","Forward",1
"Honorato Ederson","Midfielder",1
"Ragnar Klavan","Defender",1
"David Bellion","Forward",1
"McDonald Mariga","Midfielder",1
"Mario Balotelli","Forward",1
"Mikael Forssell","Forward",1
"Henrique","Defender",1
"Djibril Cisse","Forward",1
"Miroslav Klose","Forward",1
"Gregoire Defrel","Midfielder",1
"Chidi Odiah","Defender",1
"Cicinho","Defender",1
"Andres Madrid","Midfielder",1
"Peter Lovenkrands","Forward",1
"Fernando Cavenaghi","Forward",1
"Shabani Nonda","Forward",1
"Andrea Dossena","Defender",1
"Hernani","Forward",1
"Paulinho","Forward",1
"Ricardo Fernandes","Defender",1
"Jordi Pablo","Midfielder",1
"Jurgen Ekkelenkamp","Midfielder",1
