"Players","Position","Total"
"Cristiano Ronaldo","Forward",19
"Xabi Alonso","Midfielder",17
"Xavi","Midfielder",16
"Lionel Messi","Forward",15
"John Terry","Defender",14
"Victor Valdes","Goalkeeper",14
"Iker Casillas","Goalkeeper",14
"Edwin van der Sar","Goalkeeper",14
"Dani Alves","Defender",14
"Sergio Ramos","Defender",13
"Andres Iniesta","Midfielder",13
"Frank Lampard","Midfielder",13
"Gerard Pique","Defender",13
"Claude Makelele","Midfielder",13
"Clarence Seedorf","Midfielder",12
"Sergio Busquets","Midfielder",12
"Philipp Lahm","Defender",12
"Manuel Neuer","Goalkeeper",12
"Thomas Muller","Forward",12
"Paul Scholes","Midfielder",12
"Ryan Giggs","Midfielder",12
"Raul","Forward",11
"Petr Cech","Goalkeeper",11
"Carles Puyol","Defender",11
"Patrice Evra","Defender",11
"Arjen Robben","Midfielder",11
"Zinedine Zidane","Midfielder",10
"Didier Drogba","Forward",10
"Roberto Carlos","Defender",10
"Bastian Schweinsteiger","Midfielder",10
"Javier Mascherano","Midfielder",10
"Toni Kroos","Midfielder",10
"Andriy Shevchenko","Forward",10
"Marcelo","Defender",10
"Karim Benzema","Forward",10
"Kaka","Midfielder",10
"Frank de Boer","Defender",9
"Ashley Cole","Defender",9
"Pepe","Defender",9
"Andrea Pirlo","Midfielder",9
"Jerome Boateng","Defender",9
"Franck Ribery","Midfielder",9
"David Alaba","Defender",9
"Samuel Eto'o","Forward",9
"Kakha Kaladze","Defender",9
"Fernando Torres","Forward",9
"Gianluca Pessotto","Defender",9
"Filippo Inzaghi","Forward",8
"Luka Modric","Midfielder",8
"Ricardo Carvalho","Defender",8
"Angelo Peruzzi","Goalkeeper",8
"Ivan Helguera","Midfielder",8
"Gennaro Gattuso","Midfielder",8
"Angel Di Maria","Midfielder",8
"Paolo Maldini","Defender",8
"Jari Litmanen","Midfielder",8
"Pedro Rodriguez","Midfielder",8
"Isco","Midfielder",8
"Raphael Varane","Defender",8
"Edgar Davids","Midfielder",8
"Antonio Conte","Midfielder",8
"Joe Cole","Midfielder",7
"Mehmet Scholl","Midfielder",7
"Michael Carrick","Midfielder",7
"Francesc Fabregas","Midfielder",7
"Daniel Carvajal","Defender",7
"Michel Salgado","Defender",7
"Dida","Goalkeeper",7
"Angelo Di Livio","Midfielder",7
"Rio Ferdinand","Defender",7
"Michael Reiziger","Defender",7
"Alvaro Arbeloa","Defender",7
"Fernando Hierro","Defender",7
"Samuel Kuffour","Defender",7
"Fernando Morientes","Forward",7
"Guti","Midfielder",7
"Didier Deschamps","Midfielder",7
"Ciro Ferrara","Defender",7
"Gonzalo Higuain","Forward",7
"Patrick Kluivert","Forward",7
"Thierry Henry","Forward",7
"Steve McManaman","Midfielder",7
"Winston Bogarde","Defender",7
"Javi Martinez","Defender",7
"Alessio Tacchinardi","Midfielder",7
"Robert Lewandowski","Forward",6
"Alessandro Del Piero","Forward",6
"Wayne Rooney","Forward",6
"Phillip Cocu","Midfielder",6
"Ji Sung Park","Midfielder",6
"Luis Figo","Forward",6
"Jens Jeremies","Midfielder",6
"Ronald de Boer","Midfielder",6
"Michael Ballack","Midfielder",6
"Steven Gerrard","Midfielder",6
"Jorge Koke","Midfielder",6
"Arturo Vidal","Midfielder",6
"Gianluigi Buffon","Goalkeeper",6
"Wes Brown","Defender",6
"Mark Iuliano","Defender",6
"Jamie Carragher","Defender",6
"Alessandro Nesta","Defender",6
"Filipe Luis","Defender",6
"Markus Babbel","Defender",6
"John Mikel Obi","Midfielder",6
"Jaap Stam","Defender",6
"Yaya Toure","Midfielder",6
"Danny Blind","Defender",6
"Oliver Kahn","Goalkeeper",6
"Mesut Ozil","Midfielder",6
"Marc Overmars","Forward",6
"Gareth Bale","Midfielder",6
"John Arne Riise","Defender",6
"Paolo Montero","Defender",6
"Eidur Gudjohnsen","Forward",6
"Hasan Salihamidzic","Forward",6
"Darren Fletcher","Midfielder",6
"Eric Abidal","Defender",6
"Seydou Keita","Midfielder",6
"Nicolas Anelka","Forward",6
"Massimo Ambrosini","Defender",6
"Salomon Kalou","Forward",6
"Mario Gotze","Midfielder",6
"Carlos Tevez","Forward",5
"Michael Essien","Midfielder",5
"John O'Shea","Defender",5
"Mario Mandzukic","Forward",5
"Jordi Alba","Defender",5
"Fabio Coentrao","Defender",5
"Alessandro Costacurta","Defender",5
"Deco","Midfielder",5
"Fernandez Gabi","Midfielder",5
"Paulo Ferreira","Defender",5
"Gary Neville","Defender",5
"Nicky Butt","Midfielder",5
"Diego Godin","Defender",5
"Christian Panucci","Defender",5
"Roy Keane","Midfielder",5
"Hernan Crespo","Forward",5
"Ronny Johnsen","Defender",5
"Sami Khedira","Midfielder",5
"Mark van Bommel","Midfielder",5
"Fernando Redondo","Midfielder",5
"Alessandro Birindelli","Defender",5
"Carsten Jancker","Forward",5
"Thiago Alcantara","Midfielder",5
"Denis Irwin","Defender",5
"Alexander Zickler","Forward",5
"David Villa","Forward",5
"Dimitar Berbatov","Forward",5
"Jose Bosingwa","Defender",5
"Serginho","Midfielder",5
"Cafu","Defender",5
"Bojan Krkic","Forward",5
"Gaizka Mendieta","Midfielder",4
"Giovane Elber","Forward",4
"Antoine Griezmann","Forward",4
"David Trezeguet","Forward",4
"Saul Niguez","Midfielder",4
"Luis Suarez","Forward",4
"Ramires","Midfielder",4
"Ludovic Giuly","Midfielder",4
"Lars Ricken","Midfielder",4
"Dirk Kuyt","Forward",4
"Mario Melchiot","Defender",4
"Marcel Desailly","Defender",4
"Stefan Effenberg","Midfielder",4
"Finidi George","Forward",4
"Kolo Toure","Defender",4
"Juanfran","Defender",4
"Ivan Rakitic","Midfielder",4
"Alex Costa","Defender",4
"Santiago Canizares","Goalkeeper",4
"Javier Zanetti","Midfielder",4
"Mauricio Pellegrino","Defender",4
"Lucio","Defender",4
"Kily Gonzalez","Midfielder",4
"Jan Oblak","Goalkeeper",4
"Leonardo Bonucci","Defender",4
"Fabian Barthez","Goalkeeper",4
"Giorgio Chiellini","Defender",4
"Thomas Linke","Defender",4
"Stefan Reuter","Defender",4
"Martin Kree","Defender",4
"Branislav Ivanovic","Defender",4
"Jorg Heinrich","Defender",4
"David Beckham","Midfielder",4
"Keylor Navas","Goalkeeper",4
"Bixente Lizarazu","Defender",4
"Nwankwo Kanu","Forward",4
"Hans-Jorg Butt","Goalkeeper",4
"Stefan Klos","Goalkeeper",4
"Nemanja Vidic","Defender",4
"Pepe Reina","Goalkeeper",4
"Rafael Marquez (Mex)","Defender",4
"Jefferson Farfan","Forward",4
"Jocelyn Angloma","Defender",4
"Bacary Sagna","Defender",4
"Boudewijn Zenden","Midfielder",4
"Marc Andre ter Stegen","Goalkeeper",4
"Gary Cahill","Defender",4
"Gianluca Zambrotta","Midfielder",4
"Mario Gomez","Forward",4
"Anderson","Midfielder",4
"Andrew Cole","Forward",4
"Casemiro","Midfielder",4
"Rafinha","Defender",4
"Fabinho","Defender",4
"Mikael Silvestre","Defender",4
"Ole-Gunnar Solskjaer","Forward",4
"Stefan Savic","Defender",4
"Florent Malouda","Midfielder",4
"Claudio Marchisio","Midfielder",4
"Joel Matip","Defender",4
"Thiago Motta","Midfielder",4
"Willy Sagnol","Defender",4
"Geremi","Midfielder",4
"Miralem Pjanic","Midfielder",4
"Alexis Sanchez","Forward",4
"Juan Sanchez","Forward",4
"Mehdi Benatia","Defender",4
"Alberto Gilardino","Forward",4
"Nani","Midfielder",4
"Andrea Barzagli","Defender",4
"Harry Kewell","Forward",4
"David Albelda","Midfielder",4
"Emmanuel Adebayor","Forward",4
"Luiz Gustavo","Midfielder",4
"Nicola Amoruso","Forward",4
"Lucas Vazquez","Midfielder",4
"Savio","Forward",4
"Juliano Belletti","Defender",4
"Michael Zorc","Midfielder",4
"Dejan Savicevic","Midfielder",3
"Demetrio Albertini","Midfielder",3
"Michael Tarnat","Midfielder",3
"Zvonimar Boban","Midfielder",3
"Dante","Defender",3
"Sebastiano Rossi","Goalkeeper",3
"Hugo Lloris","Goalkeeper",3
"Steve Finnan","Defender",3
"Franco Baresi","Defender",3
"William Gallas","Defender",3
"Owen Hargreaves","Midfielder",3
"Gabriel Milito","Defender",3
"Aitor Karanka","Defender",3
"Vitor Baia","Goalkeeper",3
"Abelardo","Defender",3
"Tiago","Midfielder",3
"Jorge Costa","Defender",3
"Holger Badstuber","Defender",3
"Peter Schmeichel","Goalkeeper",3
"Juan Bernat","Defender",3
"Esteban Cambiasso","Midfielder",3
"Christophe Pignol","Defender",3
"Patrik Andersson","Defender",3
"Wolfgang Feiersinger","Defender",3
"Daniel van Buyten","Defender",3
"Alex Song","Midfielder",3
"Stephane Chapuisat","Forward",3
"Pep Guardiola","Midfielder",3
"Andreas Moller","Midfielder",3
"Amedeo Carboni","Defender",3
"Jose Maria Gimenez","Defender",3
"Miguel Angel Angulo","Midfielder",3
"Alvaro Morata","Forward",3
"Vladimir Jugovic","Midfielder",3
"Paulo Sousa","Midfielder",3
"Christian Karembeu","Defender",3
"Costinha","Midfielder",3
"James Rodriguez","Midfielder",3
"Yannick Carrasco","Midfielder",3
"Aliaksandr Hleb","Midfielder",3
"Arnold Scholten","Midfielder",3
"Gael Clichy","Defender",3
"Emmanuel Eboue","Defender",3
"Rivaldo","Forward",3
"Paulo Sergio","Forward",3
"Santiago Solari","Midfielder",3
"Rui Costa","Midfielder",3
"Diego Forlan","Forward",3
"Georgios Georgiadis","Midfielder",3
"Juan Sebastian Veron","Midfielder",3
"Marc Bartra","Defender",3
"Marco Simone","Midfielder",3
"Sergio Roberto","Midfielder",3
"Victor","Midfielder",3
"Philippe Christanval","Defender",3
"Ivan Cordoba","Defender",3
"Sami Hyypia","Defender",3
"Attilio Lombardo","Midfielder",3
"Javier Hernandez","Forward",3
"Jese","Forward",3
"Sergi","Defender",3
"Jermaine Pennant","Midfielder",3
"Christian Brocchi","Midfielder",3
"Flavio Conceicao","Midfielder",3
"Thorsten Fink","Midfielder",3
"Kiki Musampa","Midfielder",3
"Fernando Llorente","Forward",3
"Roque Santa Cruz","Forward",3
"Thomas","Midfielder",3
"Ivica Olic","Forward",2
"Neymar","Forward",2
"Christian Vieri","Forward",2
"Gianluca Vialli","Forward",2
"Diego Milito","Forward",2
"Wesley Sneijder","Midfielder",2
"Luis Antonio Valencia","Midfielder",2
"Ruud van Nistelrooy","Forward",2
"Claudio Lopez","Forward",2
"Luis Garcia","Forward",2
"Maicon","Defender",2
"Dwight Yorke","Forward",2
"Jesper Gronkjaer","Midfielder",2
"Vitali Kossovsky","Defender",2
"Kylian Mbappe","Forward",2
"Eric Decroix","Defender",2
"Jose Manuel Jurado","Midfielder",2
"Krzysztof Warzycha","Forward",2
"Pavel Nedved","Midfielder",2
"Hugo Ibarra","Defender",2
"Daniel Agger","Defender",2
"Diego Costa","Forward",2
"Jerome Rothen","Midfielder",2
"Augusto Fernandez","Midfielder",2
"Marco Reus","Midfielder",2
"Cesar Azpilicueta","Defender",2
"Oleksandr Holovko","Defender",2
"Dominic Matteo","Defender",2
"Kyriakos Papadopoulos","Defender",2
"Diego Contento","Defender",2
"Gary Pallister","Defender",2
"Alexander Baumjohann","Midfielder",2
"Andriy Husin","Midfielder",2
"Atsuto Uchida","Defender",2
"Victor Ikpeba","Forward",2
"Christoph Metzelder","Defender",2
"Joe Hart","Goalkeeper",2
"Roman Weidenfeller","Goalkeeper",2
"Lassana Diarra","Midfielder",2
"Jesus Navas","Midfielder",2
"Eric Cantona","Forward",2
"Yildiray Basturk","Midfielder",2
"Ilkay Gundogan","Midfielder",2
"Diego Placente","Defender",2
"Lukasz Piszczek","Defender",2
"Fernando Sanz","Defender",2
"Paul Lambert","Midfielder",2
"Sven Bender","Midfielder",2
"Sergio Aguero","Forward",2
"Sergio Conceicao","Midfielder",2
"Juan Mata","Midfielder",2
"Neven Subotic","Defender",2
"Vincent Kompany","Defender",2
"Christian Nerlinger","Midfielder",2
"Fernando","Midfielder",2
"Raul Albiol","Defender",2
"Nicolas Otamendi","Defender",2
"Manfred Binz","Defender",2
"Fernandinho","Midfielder",2
"Boris Zivkovic","Defender",2
"John Carew","Forward",2
"Juan Jose Borrelli","Midfielder",2
"Marcel Schmelzer","Defender",2
"Fabio Rochemback","Midfielder",2
"Raul Meireles","Midfielder",2
"Eddy Capron","Defender",2
"Jemerson","Defender",2
"Serhiy Rebrov","Forward",2
"Roberto Ayala","Defender",2
"Spiridon Maragos","Midfielder",2
"Edmilson","Defender",2
"Moreno Torricelli","Defender",2
"Philippe Coutinho","Midfielder",2
"David Luiz","Defender",2
"Douglas Costa","Midfielder",2
"Thomas Helmer","Defender",2
"Alisson Becker","Goalkeeper",2
"Igor Tudor","Defender",2
"Kevin De Bruyne","Midfielder",2
"Ian Harte","Defender",2
"Vladimir But","Midfielder",2
"Frank Rijkaard","Midfielder",2
"Danijel Subasic","Goalkeeper",2
"Bernard Lama","Goalkeeper",2
"Djibril Sidibe","Defender",2
"Fabio Aurelio","Defender",2
"Diego Lopez","Goalkeeper",2
"Anthony Reveillere","Defender",2
"Radamel Falcao","Forward",2
"Ali Benarbia","Midfielder",2
"Kamil Glik","Defender",2
"Nigel Martyn","Goalkeeper",2
"Mats Hummels","Defender",2
"Georgios Kapouranis","Defender",2
"Tijani Babangida","Forward",2
"Pietro Vierchowod","Defender",2
"Richard Witschge","Midfielder",2
"Bernd Schneider","Midfielder",2
"Lilian Martin","Defender",2
"Jean-Michel Ferri","Midfielder",2
"Danny Mills","Defender",2
"Roman Kosecki","Forward",2
"Francesco Toldo","Goalkeeper",2
"Vladyslav Vashchuk","Defender",2
"Marco Materazzi","Defender",2
"Dominique Casagrande","Goalkeeper",2
"Samir Nasri","Midfielder",2
"Carsten Ramelow","Midfielder",2
"Theo Walcott","Forward",2
"Nicolas Ouedec","Forward",2
"Efstratios Apostolakis","Defender",2
"Cesar Sanchez","Goalkeeper",2
"Yannis Kalitzakis","Defender",2
"Martin Djetou","Defender",2
"Ze Roberto","Midfielder",2
"Athanasios Kolitsidakis","Defender",2
"Laurent Blanc","Defender",2
"Benoit Cauet","Midfielder",2
"Jens Nowotny","Defender",2
"Francesco Coco","Defender",2
"Roberto Bonano","Goalkeeper",2
"George Donis","Midfielder",2
"Javier Saviola","Forward",2
"Manuel Almunia","Goalkeeper",2
"Oleg Luzhniy","Defender",2
"Kieran Gibbs","Defender",2
"Jerzy Dudek","Goalkeeper",2
"Jozef Wandzik","Goalkeeper",2
"Thibaut Courtois","Goalkeeper",2
"Mark Viduka","Forward",2
"Lothar Matthaus","Defender",2
"Luis Enrique","Midfielder",2
"Joao Miranda","Defender",2
"Djibril Diawara","Defender",2
"Jose Cobos","Defender",2
"Stephen Lichtsteiner","Defender",2
"Ricardo Gomes","Defender",2
"David Ginola","Forward",2
"Daniel Bravo","Midfielder",2
"Cesar Delgado","Forward",2
"Bodo Illgner","Goalkeeper",2
"Sergio Porrini","Defender",2
"Emre Belozoglu","Midfielder",2
"Aly Cissokho","Defender",2
"Christian Ziege","Defender",2
"Alvaro Recoba","Forward",2
"Paul Le Guen","Defender",2
"David Batty","Midfielder",2
"Martin Skrtel","Defender",2
"George Weah","Forward",2
"Ivan Campo","Defender",2
"Markus Schupp","Midfielder",2
"Ruud Hesp","Goalkeeper",2
"Virgil van Dijk","Defender",2
"Adriano","Defender",2
"Olivier Dacourt","Midfielder",2
"Stefano Eranio","Midfielder",2
"Cris","Defender",2
"Vincent Guerin","Midfielder",2
"Valyantsin Byalkevich","Midfielder",2
"Alain Roche","Defender",2
"Maxime Gonalons","Midfielder",2
"Miroslav Djukic","Defender",2
"Oleksandr Shovkovskyi","Goalkeeper",2
"Mauro Tassotti","Defender",2
"Aleksandr Khatskevich","Midfielder",2
"Walter Samuel","Defender",2
"Luigi Di Biagio","Midfielder",2
"Zlatan Ibrahimovic","Forward",2
"Julio Cesar","Goalkeeper",2
"Javier Farinos","Midfielder",2
"Lisandro Lopez","Forward",2
"James Milner","Midfielder",2
"Bernardo Silva","Midfielder",2
"Lillian Thuram","Defender",2
"Tiemoue Bakayoko","Midfielder",2
"Sadio Mane","Midfielder",2
"Alex Sandro","Defender",2
"Massimo Oddo","Defender",2
"Andrew Robertson","Defender",2
"Clement Lenglet","Defender",2
"Gerard","Midfielder",2
"Marek Jankulovski","Midfielder",2
"Paulo Dybala","Forward",2
"Gabriel Heinze","Defender",2
"Mario Suarez","Midfielder",2
"Willian","Midfielder",2
"Jakub Blaszczykowski","Midfielder",2
"Juan Roman Riquelme","Midfielder",2
"Juan Pablo Sorin","Defender",2
"Julien Rodriguez","Defender",2
"Jose Molina","Goalkeeper",2
"Djimi Traore","Defender",2
"Sergio","Midfielder",2
"Young Pyo Lee","Midfielder",2
"Wilfred Bouma","Defender",2
"Heurelho Gomes","Goalkeeper",2
"Gael Givet","Defender",2
"Carlos Alberto","Midfielder",2
"Lucas Bernardi","Midfielder",2
"Milan Baros","Forward",2
"Manuel Pablo","Defender",2
"Juan Carlos Valeron","Midfielder",2
"Noureddine Naybet","Defender",2
"Flavio Roma","Goalkeeper",2
"Maniche","Midfielder",2
"Nuno Valente","Defender",2
"Quique Alavarez","Defender",2
"Walter Pandiani","Forward",2
"Alan Smith","Forward",2
"Wayne Bridge","Defender",2
"Ronaldinho Gaucho","Midfielder",2
"Rodolfo Arruabarrena","Defender",2
"Johann Vogel","Midfielder",2
"Albert Luque","Forward",2
"Gilberto Silva","Midfielder",2
"Javi Venta","Defender",2
"Mathieu Flamini","Midfielder",2
"Mariano Barbosa","Goalkeeper",2
"Fredrik Ljungberg","Midfielder",2
"Marcos Senna","Midfielder",2
"Giovanni van Bronckhorst","Defender",2
"Jens Lehmann","Goalkeeper",2
"Enrique Romero","Defender",2
"Igor Biscan","Defender",2
"Dietmar Hamann","Midfielder",2
"Oliver Neuville","Forward",2
"Georginio Wijnaldum","Midfielder",2
"Divock Origi","Forward",2
"Arda Turan","Midfielder",2
"Ryan Babel","Forward",2
"Ronaldo","Forward",2
"Dado Prso","Forward",2
"Robin van Persie","Forward",2
"Daniele Massaro","Midfielder",2
"Hamit Altintop","Midfielder",2
"Maxwell","Defender",2
"Yossi Benayoun","Midfielder",2
"Joao Moutinho","Midfielder",2
"Xherdan Shaqiri","Midfielder",2
"Sidney Govou","Forward",2
"Isaac Cuenca","Midfielder",2
"Joseph Gomez","Defender",2
"Jose Maria Romero","Forward",2
"Raul Garcia","Midfielder",2
"Josico","Midfielder",2
"Guillermo Franco","Forward",2
"Martin Demichelis","Defender",2
"Kingsley Coman","Midfielder",2
"Mark Schwarzer","Goalkeeper",2
"Jonny Evans","Defender",2
"Gabri","Midfielder",2
"Thomas Lemar","Midfielder",2
"Edu","Forward",2
"Jordan Henderson","Midfielder",2
"Sergio Escudero","Defender",2
"Rafael Da Silva","Defender",2
"Kevin Gameiro","Forward",2
"Jean Makoun","Midfielder",2
"Honorato Ederson","Midfielder",2
"Cristian Chivu","Defender",2
"Julian Draxler","Midfielder",2
"Michel Bastos","Midfielder",2
"Theo Lucius","Defender",2
"Peter Crouch","Forward",2
"Jan Vennegoor of Hesselink","Forward",2
"Craig Bellamy","Forward",2
"Robert Pires","Midfielder",2
"Manolo Sanchis","Defender",2
"Aldo Duscher","Midfielder",2
"Benni McCarthy","Forward",2
"Heiko Herrlich","Forward",2
"Jean-Marc Chanelet","Defender",2
"Pedro Mendes","Forward",2
"Dimitrios Markos","Midfielder",2
"Francisco Pavon","Defender",2
"Glen Johnson","Defender",2
"Phil Neville","Defender",2
"Cesar","Defender",2
"Steffen Freund","Midfielder",2
"Scott Parker","Midfielder",2
"Michele Padovano","Midfielder",2
"Jimmy Floyd Hasselbaink","Forward",2
"Roberto Donadoni","Midfielder",2
"Edouard Cisse","Forward",2
"Alain Sutter","Midfielder",2
"Massimo Carrera","Defender",2
"Rene Tretschok","Midfielder",2
"Jocelyn Gourvennec","Midfielder",2
"Knut Reinhardt","Midfielder",2
"Shabani Nonda","Forward",2
"Nordin Wooter","Forward",2
"Jon Dahl Tomasson","Forward",2
"Ibrahim Afellay","Midfielder",2
"Angel Correa","Forward",2
"Simao Sabrosa","Forward",2
"Mohamed Kallon","Forward",2
"Juan Cuadrado","Midfielder",2
"Geovanni","Forward",2
"Vicente","Midfielder",2
"Demba Ba","Forward",2
"Robert Huth","Defender",2
"Nelson Semedo","Defender",2
"Djibril Cisse","Forward",2
"Mateja Kezman","Forward",2
"Kelechi Iheanacho","Forward",2
"Marco Asensio","Midfielder",2
"Ali Daei","Forward",2
"Shaun Wright-Phillips","Midfielder",2
"Anatoly Tymoschuk","Midfielder",2
"Jaime","Midfielder",2
"Kevin Grosskreutz","Midfielder",2
"Nicklas Bendtner","Forward",2
"Jurica Vranjes","Midfielder",2
"Sebastian Kehl","Midfielder",2
"Jose Sosa","Midfielder",2
"Laurent Peyrelade","Forward",2
"Zoltan Sebescen","Midfielder",2
"Nikolaos Nioplias","Midfielder",2
"Claudio Pizarro","Forward",2
"Mauro Camoranesi","Midfielder",2
"Elvir Baljic","Forward",2
"Valere Germain","Forward",2
"Jaroslav Plasil","Midfielder",2
"Harry Decheiver","Forward",2
"Fran","Midfielder",2
"Esteban Granero","Midfielder",2
"Andre Schurrle","Forward",2
"Roberto Pereyra","Midfielder",2
"Raheem Sterling","Midfielder",2
"Lucas Moura","Midfielder",1
"Hristo Stoichkov","Forward",1
"Darron Gibson","Midfielder",1
"Marcel Witeczek","Defender",1
"Hakim Ziyech","Forward",1
"Mario Basler","Midfielder",1
"Japhet N'Doram","Midfielder",1
"Derlei","Forward",1
"Adrian Lopez","Forward",1
"Philippe Leonard","Defender",1
"Matthijs de Ligt","Defender",1
"Ronald Koeman","Defender",1
"Dele Alli","Midfielder",1
"Dusan Tadic","Midfielder",1
"Trent Alexander-Arnold","Defender",1
"Paul Pogba","Midfielder",1
"Lasse Schone","Midfielder",1
"DaMarcus Beasley","Forward",1
"Andre Onana","Goalkeeper",1
"Francis Llacer","Defender",1
"Fernando Couto","Defender",1
"Dieter Frey","Defender",1
"Miguel Angel Nadal","Defender",1
"Uwe Gospodarek","Goalkeeper",1
"Sven Scheuer","Goalkeeper",1
"Valdo","Midfielder",1
"Mohamed Salah","Forward",1
"Rai","Midfielder",1
"Marinos Ouzounidis","Defender",1
"Jurgen Klinsmann","Forward",1
"Andre Ooijer","Defender",1
"Antonio Folha","Midfielder",1
"Johan Djourou","Defender",1
"Jose Maria Bakero","Midfielder",1
"Sol Campbell","Defender",1
"Carlos Secretario","Defender",1
"Emmanuel Petit","Midfielder",1
"Gilles Grimandi","Defender",1
"Nicolas Tagliafico","Defender",1
"Franck Dumas","Defender",1
"Sonny Silooy","Defender",1
"Romario","Forward",1
"Emil Kostadinov","Forward",1
"Jorge Andrade","Defender",1
"Christian Abbiati","Goalkeeper",1
"Carlo Cudicini","Goalkeeper",1
"Jan Vertonghen","Defender",1
"Dmitri Alenichev","Midfielder",1
"Sebastien Squillaci","Defender",1
"Philippe Senderos","Defender",1
"Cristiano Zanetti","Midfielder",1
"Patrick Colleter","Defender",1
"Toby Alderweireld","Defender",1
"Moussa Sissoko","Midfielder",1
"Mauro Silva","Midfielder",1
"Ljubinko Drulovic","Midfielder",1
"Andoni Zubizarreta","Goalkeeper",1
"Andreas Zikos","Midfielder",1
"Youri Djorkaeff","Forward",1
"Jerome Gnako","Midfielder",1
"Patrick Blondeau","Defender",1
"Jean-Luc Ettori","Goalkeeper",1
"Frenkie de Jong","Midfielder",1
"Marco Ambrosio","Goalkeeper",1
"Heung Min Son","Midfielder",1
"Rui Filipe","Midfielder",1
"Albert Ferrer","Defender",1
"Kim Kallstrom","Defender",1
"Fabrizio Ravanelli","Forward",1
"Goran Pandev","Forward",1
"Bruno Carotti","Defender",1
"Christian Eriksen","Midfielder",1
"Serge Le Dizet","Defender",1
"Danny Rose","Defender",1
"Laurent Viaud","Midfielder",1
"David Neres","Forward",1
"Joao Pinto","Defender",1
"Victor Wanyama","Midfielder",1
"Txiki Beguiristain","Forward",1
"Naby Keita","Midfielder",1
"Kieran Trippier","Defender",1
"Guillermo Amor","Midfielder",1
"Noussair Mazraoui","Midfielder",1
"Jean-Alain Boumsong","Defender",1
"Aloisio","Defender",1
"Jeremy Toulalan","Midfielder",1
"Juan Manuel Pena","Defender",1
"Antonio Andre","Midfielder",1
"Jose Antonio Reyes","Forward",1
"Enzo Scifo","Midfielder",1
"Cesar Arzo","Defender",1
"Claude Puel","Midfielder",1
"Oleguer","Defender",1
"Donny van de Beek","Midfielder",1
"Abou Diaby","Midfielder",1
"Jurgen Kohler","Defender",1
"Daley Blind","Defender",1
"Dimas","Defender",1
"Muhamed Konjic","Defender",1
"Julio Cesar","Defender",1
"Benedikt Howedes","Defender",1
"Hans Sarpei","Defender",1
"Chris Smalling","Defender",1
"Fabio Da Silva","Defender",1
"Dani Garcia","Forward",1
"Julio Cesar","Defender",1
"Alen Boksic","Forward",1
"Stefano Sturaro","Midfielder",1
"Thomas Strunz","Midfielder",1
"Karlheinz Riedle","Forward",1
"Zoran Mirkovic","Defender",1
"Jesper Blomqvist","Midfielder",1
"Henning Berg","Defender",1
"Raimonde van der Gouw","Goalkeeper",1
"Danilo","Defender",1
"Eden Hazard","Midfielder",1
"Ruben Baraja","Midfielder",1
"Diego","Midfielder",1
"Danijel Pranjic","Midfielder",1
"Nabil Dirar","Midfielder",1
"Benjamin Mendy","Defender",1
"Jose Amavisca","Midfielder",1
"Lucas Hernandez","Defender",1
"John Collins","Midfielder",1
"Ibrahim Tanko","Forward",1
"Pablo Aimar","Forward",1
"Andrea Raggi","Defender",1
"Eirik Bakke","Midfielder",1
"Lee Bowyer","Midfielder",1
"David Silva","Midfielder",1
"David May","Defender",1
"Predrag Mijatovic","Forward",1
"Robert Spehar","Forward",1
"Obafemi Martins","Forward",1
"Franck Renou","Forward",1
"Marco Di Vaio","Forward",1
"Daniele Bonera","Defender",1
"Martin Montoya","Defender",1
"Pedro Emanuel","Defender",1
"Giovanni Pasquale","Defender",1
"Javier Portillo","Forward",1
"Felipe Santana","Defender",1
"Guly","Midfielder",1
"Pedro Munitis","Forward",1
"Diego Tristan","Forward",1
"Mario Balotelli","Forward",1
"Silvinho","Defender",1
"Giuseppe Favalli","Defender",1
"Cristian Rodriguez","Midfielder",1
"Yoann Gourcuff","Midfielder",1
"Ciriaco Sforza","Midfielder",1
"Stephane Dalmat","Midfielder",1
"Lionel Scaloni","Defender",1
"Louis Saha","Forward",1
"Marco Ferreira","Forward",1
"Julian Schieber","Forward",1
"Zlatko Zahovic","Forward",1
"Cristian Tello","Forward",1
"Edgaras Jankauskas","Forward",1
"Bafetimbi Gomis","Forward",1
"Michael Wiesinger","Midfielder",1
"Miroslav Klose","Forward",1
"Robbie Fowler","Forward",1
"Henrik Larsson","Forward",1
"Dejan Stankovic","Midfielder",1
"Michael Owen","Forward",1
"McDonald Mariga","Midfielder",1
"Maxi Lopez","Forward",1
"Javier Calleja","Midfielder",1
"Dennis Bergkamp","Forward",1
"Roger","Midfielder",1
"Jeffren","Midfielder",1
"Sulley Muntari","Midfielder",1
"Eduardo da Silva","Forward",1
"Robert","Forward",1
"Antonio Nunez","Midfielder",1
"Asier Illarramendi","Midfielder",1
"Carlos Vela","Forward",1
"Peer Kluge","Midfielder",1
"Vladimir Smicer","Midfielder",1
"Adrian Ilie","Forward",1
"Joel Veltman","Defender",1
"Sebastian Rode","Midfielder",1
"Gerardo","Defender",1
"Ousmane Dembele","Midfielder",1
"Jeremy Mathieu","Defender",1
"Ben Davies","Defender",1
"Rafinha","Midfielder",1
"Arthur","Midfielder",1
"Malcolm","Midfielder",1
"Carles Alena","Midfielder",1
"Christopher Wreh","Forward",1
"Paulinho Santos","Midfielder",1
"Gianluigi Lentini","Midfielder",1
"Amara Simba","Forward",1
"Jose Orlando Semedo","Defender",1
"Ivan Iglesias","Midfielder",1
"Ion Andoni Goikoetxea","Midfielder",1
"Erik Lamela","Midfielder",1
"Daniel Sturridge","Forward",1
"Klass - Jan Huntelaar","Forward",1
"Mariano Juan","Defender",1
"Dani","Forward",1
"Marco Grimm","Defender",1
"Luc Borrelli","Goalkeeper",1
"Pascal Nouma","Forward",1
"Oliver Kreuzer","Defender",1
"Giancarlo Marocchi","Midfielder",1
"Andreas Lagonikakis","Forward",1
"Fabio Pecchia","Midfielder",1
"Laurent Guyot","Defender",1
"Stephane Carnot","Midfielder",1
"Christian Timm","Midfielder",1
"Davor Suker","Forward",1
"Roberto Firmino","Midfielder",1
"Eliaquim Mangala","Defender",1
"Lisandro Magallan","Defender",1
"Almamy Toure","Defender",1
"Mario Lemina","Midfielder",1
"Tomas Rincon","Midfielder",1
"Nacho","Defender",1
"Nicolas Gaitan","Midfielder",1
"Juan Esnaider","Forward",1
"Daniel Fonseca","Forward",1
"Olexander Kiriukhin","Defender",1
"Mateo Kovacic","Midfielder",1
"Teddy Sheringham","Forward",1
"Vassyl Kardash","Forward",1
"Filippo Galli","Defender",1
"Jean-Philippe Sechet","Defender",1
"Daley Sinkgraven","Midfielder",1
"Bernd Dreher","Goalkeeper",0
"Simone Padoin","Midfielder",0
"Marko Arnautovic","Midfielder",0
"Perica Ognjenovic","Forward",0
"Stephen McPhail","Midfielder",0
"Antonio Moya","Forward",0
"Michaelangelo Rampulla","Goalkeeper",0
"Claudio Bravo","Goalkeeper",0
"Gabriel Paletta","Defender",0
"Alan Maybury","Defender",0
"Alessandro Orlando","Defender",0
"Alessandro Matri","Forward",0
"Ezequiel Garay","Defender",0
"Jason Wilcox","Midfielder",0
"Fabian Delph","Midfielder",0
"Kieran Lee","Defender",0
"Remi Vercoutre","Goalkeeper",0
"Miguel Angel Moya","Goalkeeper",0
"Danny Welbeck","Forward",0
"Abdou Diallo","Defender",0
"Ricardo Fernandes","Defender",0
"John van den Brom","Midfielder",0
"Alberto Rodriguez","Defender",0
"Guido Carrillo","Forward",0
"Giovanni Stroppa","Midfielder",0
"Morgan De Sanctis","Goalkeeper",0
"Andres Palop","Goalkeeper",0
"Kiko Casilla","Goalkeeper",0
"Javier Lopez Vallejo","Goalkeeper",0
"Irvin Cardona","Forward",0
"Jonathan Woodgate","Defender",0
"Kwadwo Asamoah","Forward",0
"Patrick Valery","Defender",0
"Jorge","Defender",0
"Neto","Goalkeeper",0
"Serdar Tasci","Defender",0
"Antonios Nikopolidis","Goalkeeper",0
"Luciano Vietto","Forward",0
"Paul Robinson","Goalkeeper",0
"Joshua Kimmich","Midfielder",0
"Paulo Orlandoni","Goalkeeper",0
"Antonio Chimenti","Goalkeeper",0
"Lukasz Fabianski","Goalkeeper",0
"Lamine Gassama","Defender",0
"Ben Foster","Goalkeeper",0
"Aaron Ramsey","Midfielder",0
"Albert Celades","Midfielder",0
"Albert Jorquera","Goalkeeper",0
"Daniel Aranzubia","Goalkeeper",0
"Charles Itandje","Goalkeeper",0
"Joseph Oshadogan","Defender",0
"Gustavo Munua","Goalkeeper",0
"Nathan Ake","Defender",0
"Neil Sullivan","Goalkeeper",0
"Lucas Raeder","Goalkeeper",0
"Celestine Babayaro","Defender",0
"Bernhard Hirmer","Goalkeeper",0
"Willy Caballero","Goalkeeper",0
"Oscar","Midfielder",0
"Marco van Ginkel","Midfielder",0
"Jacob Burns","Midfielder",0
"Pierre-Emile Hojbjerg","Midfielder",0
"Bernard Allou","Midfielder",0
"Tomas Kalas","Defender",0
"Djalminha","Midfielder",0
"Zeljko Kalac","Goalkeeper",0
"Mohamed Sissoko","Midfielder",0
"Hilario","Goalkeeper",0
"Daniele Padelli","Goalkeeper",0
"Leopold Zingerle","Goalkeeper",0
"Santiago Ezquerro","Forward",0
"Jose Callejon","Forward",0
"Jorge Bartual","Goalkeeper",0
"Mitchell Langerak","Goalkeeper",0
"Mikael Forssell","Forward",0
"Tom Starke","Goalkeeper",0
"Albano Bizzarri","Goalkeeper",0
"Aleksandar Kolarov","Defender",0
"Alves Vinha","Forward",0
"Diego Alonso","Forward",0
"Sergio Sestelo","Forward",0
"Lukas Schmitz","Midfielder",0
"Jonathan Dos Santos","Forward",0
"Moritz Leitner","Midfielder",0
"Angelos Charisteas","Forward",0
"Ali Karimi","Midfielder",0
"Pablo Zabaleta","Defender",0
"Nicolas Plestan","Defender",0
"Andreau Fontas","Defender",0
"Mathias Schober","Goalkeeper",0
"Marcelo Zalayeta","Forward",0
"Michael Rensing","Goalkeeper",0
"Dario Simic","Defender",0
"Carlos Gamarra","Defender",0
"Ruben Olivera","Midfielder",0
"Nelson Vivas","Defender",0
"Jesus Gamez","Defender",0
"Roque Junior","Defender",0
"Borja Mayoral","Forward",0
"Valerio Fiore","Goalkeeper",0
"Ioannis Goumas","Defender",0
"Bruno Irles","Defender",0
"Fabien Lefevre","Midfielder",0
"Dario Baccin","Defender",0
"Nuri Sahin","Midfielder",0
"David Marraud","Goalkeeper",0
"Jose Manuel Pinto","Goalkeeper",0
"Alberto Fontana","Goalkeeper",0
"Ross Turnbull","Goalkeeper",0
"Salvatore Fresi","Defender",0
"Antonio Adan","Goalkeeper",0
"Anderson","Defender",0
"Michael Stewart","Midfielder",0
"Andreas Gorlitz","Defender",0
"Quinton Fortune","Midfielder",0
"Denilson","Midfielder",0
"Frank Juric","Goalkeeper",0
"Miroslav Stoch","Midfielder",0
"Kasper Dolberg","Forward",0
"Franco Di Santo","Forward",0
"Bruno Varela","Goalkeeper",0
"Michael Mancienne","Defender",0
"Jasper Cillessen","Goalkeeper",0
"Martin Caceres","Defender",0
"Ben Woodburn","Forward",0
"Lucas Leiva","Midfielder",0
"Thomas Kleine","Defender",0
"Giovani Dos Santos","Forward",0
"Roy Carroll","Goalkeeper",0
"Ricardo Costa","Defender",0
"Ulf Kirsten","Forward",0
"Pablo Amo","Defender",0
"Simon Mignolet","Goalkeeper",0
"Mario Stanic","Forward",0
"Eric Dier","Midfielder",0
"Tony Sylva","Goalkeeper",0
"Matias Kranevitter","Midfielder",0
"Adrian Mutu","Forward",0
"Sven Ulreich","Goalkeeper",0
"Wilfried Bony","Forward",0
"Hassan El Fakiri","Midfielder",0
"Dejan Lovren","Defender",0
"Marko Babic","Midfielder",0
"Tomasz Kuszczak","Goalkeeper",0
"Nuno","Goalkeeper",0
"Oumar Dieng","Defender",0
"Tobias Hager","Midfielder",0
"Gary Kelly","Defender",0
"Hans Pflugler","Defender",0
"Gianluca Sordo","Midfielder",0
"Michael Sternkopf","Midfielder",0
"Oier Olazabal","Goalkeeper",0
"Peter van Vossen","Midfielder",0
"Fred Grim","Goalkeeper",0
"Antoine Kombouare","Defender",0
"Ivano Trotta","Midfielder",0
"Mario Ielpo","Goalkeeper",0
"Dave van den Bergh","Forward",0
"Joan Capdevila","Defender",0
"Thomas Vermaelen","Defender",0
"FangZhou Dong","Forward",0
"Paulo Gazzaniga","Goalkeeper",0
"Khalid Boulahrouz","Defender",0
"Oliver Skipp","Midfielder",0
"Kieran Richardson","Midfielder",0
"Rhian Brewster","Forward",0
"Mark Gonzalez","Midfielder",0
"Dani de Wit","Midfielder",0
"Chris Eagles","Midfielder",0
"Samuel Umtiti","Defender",0
"Hector Font","Midfielder",0
"John Welsh","Midfielder",0
"Sebastian Viera","Goalkeeper",0
"Alexei Smertin","Midfielder",0
"Miguel Nuno Morais","Forward",0
"Juan Foyth","Defender",0
"Remco van der Schaaf","Midfielder",0
"Kasper Bogelund","Defender",0
"Gerald Sibon","Forward",0
"Anthony Le Tallec","Forward",0
"Eric Addo","Defender",0
"Stefan Wessels","Goalkeeper",0
"Edwin Zoetebier","Goalkeeper",0
"Stephen Warnock","Defender",0
"Scott Carson","Goalkeeper",0
"Joachim Bjorklund","Defender",0
"Antonio Guayre","Forward",0
"Lucas Silva","Midfielder",0
"Frederic Dehu","Defender",0
"Francesc Arnau","Goalkeeper",0
"Jose Manuel Meca","Midfielder",0
"Oscar","Midfielder",0
"Christian Perez","Midfielder",0
"Gianluca Gaudino","Midfielder",0
"Candido","Goalkeeper",0
"Marco Storari","Goalkeeper",0
"Marc Delaroche","Goalkeeper",0
"Simone Pepe","Forward",0
"Quique Estebaranz","Forward",0
"Mitchell Weiser","Midfielder",0
"Rui Jorge","Defender",0
"Mario Rosas","Midfielder",0
"Eusebio","Midfielder",0
