"Players","Position","Total"
"Cristiano Ronaldo","Forward",31
"Lionel Messi","Forward",29
"Iker Casillas","Goalkeeper",27
"Andres Iniesta","Midfielder",25
"Sergio Ramos","Defender",24
"Zlatan Ibrahimovic","Forward",23
"Dani Alves","Defender",23
"Arjen Robben","Midfielder",23
"Karim Benzema","Forward",22
"Sergio Busquets","Midfielder",21
"Xabi Alonso","Midfielder",21
"Patrice Evra","Defender",21
"Francesc Fabregas","Midfielder",21
"Frank Lampard","Midfielder",21
"Pepe","Defender",21
"Gerard Pique","Defender",20
"Philipp Lahm","Defender",20
"Gianluigi Buffon","Goalkeeper",20
"Victor Valdes","Goalkeeper",20
"Didier Drogba","Forward",20
"John Terry","Defender",19
"Manuel Neuer","Goalkeeper",19
"Thomas Muller","Forward",19
"Thiago Silva","Defender",18
"David Alaba","Defender",18
"Franck Ribery","Midfielder",18
"Gael Clichy","Defender",17
"Petr Cech","Goalkeeper",17
"Bacary Sagna","Defender",17
"Kaka","Midfielder",17
"Toni Kroos","Midfielder",17
"Florent Malouda","Midfielder",17
"Theo Walcott","Forward",17
"Xavi","Midfielder",16
"Dejan Stankovic","Midfielder",16
"Javier Mascherano","Midfielder",16
"Wayne Rooney","Forward",16
"Esteban Cambiasso","Midfielder",16
"Martin Demichelis","Defender",16
"Sami Khedira","Midfielder",15
"Andrea Pirlo","Midfielder",15
"Javier Zanetti","Midfielder",15
"Cris","Defender",15
"Robert Lewandowski","Forward",15
"Maicon","Defender",15
"Samuel Eto'o","Forward",15
"Raul","Forward",15
"Bastian Schweinsteiger","Midfielder",15
"Gonzalo Higuain","Forward",15
"Marcelo","Defender",15
"Michael Essien","Midfielder",15
"Thierry Henry","Forward",15
"Lucio","Defender",14
"Laurent Koscielny","Defender",14
"Rio Ferdinand","Defender",14
"Jordi Alba","Defender",14
"Mesut Ozil","Midfielder",14
"Ricardo Carvalho","Defender",14
"Carles Puyol","Defender",14
"Mathieu Flamini","Midfielder",14
"Alexis Sanchez","Forward",14
"Julian Draxler","Midfielder",14
"Luka Modric","Midfielder",14
"Fernando Torres","Forward",14
"Michael Ballack","Midfielder",13
"Alex Costa","Defender",13
"Yaya Toure","Midfielder",13
"Thiago Motta","Midfielder",13
"Julio Cesar","Goalkeeper",13
"Hugo Lloris","Goalkeeper",13
"William Gallas","Defender",13
"Angel Di Maria","Midfielder",13
"David Silva","Midfielder",13
"Mario Mandzukic","Forward",13
"Maxwell","Defender",13
"Alvaro Arbeloa","Defender",13
"Michael Carrick","Midfielder",13
"Arturo Vidal","Midfielder",13
"Ivan Rakitic","Midfielder",13
"Fernandinho","Midfielder",13
"Miralem Pjanic","Midfielder",13
"Emmanuel Eboue","Defender",13
"Pedro Rodriguez","Midfielder",13
"Massimo Ambrosini","Defender",13
"Sergio Aguero","Forward",12
"Juninho Pernambucano","Midfielder",12
"Branislav Ivanovic","Defender",12
"Blaise Matuidi","Midfielder",12
"Marquinhos","Defender",12
"Marco Verratti","Midfielder",12
"Jeremy Toulalan","Midfielder",12
"Paul Scholes","Midfielder",12
"Ryan Giggs","Midfielder",12
"Samir Nasri","Midfielder",12
"Daniele De Rossi","Midfielder",12
"Joel Matip","Defender",12
"Robin van Persie","Forward",12
"Casemiro","Midfielder",12
"Clarence Seedorf","Midfielder",12
"Ashley Cole","Defender",12
"Edinson Cavani","Forward",12
"Douglas Costa","Midfielder",12
"Guti","Midfielder",12
"Adriano","Defender",12
"Alvaro Morata","Forward",12
"Gareth Bale","Midfielder",12
"Lisandro Lopez","Forward",11
"Wesley Sneijder","Midfielder",11
"Mats Hummels","Defender",11
"Kolo Toure","Defender",11
"Alex Sandro","Defender",11
"Walter Samuel","Defender",11
"Cesar Azpilicueta","Defender",11
"Thibaut Courtois","Goalkeeper",11
"Sidney Govou","Forward",11
"Raphael Varane","Defender",11
"Jens Lehmann","Goalkeeper",11
"Marc Andre ter Stegen","Goalkeeper",11
"Philippe Mexes","Defender",11
"Wojciech Szczesny","Goalkeeper",11
"Mahamadou Diarra","Midfielder",11
"Aliaksandr Hleb","Midfielder",11
"Thiago Alcantara","Midfielder",11
"Willian","Midfielder",11
"Isco","Midfielder",11
"Olivier Giroud","Forward",11
"Rafinha","Defender",11
"Lucas Moura","Midfielder",11
"Tomas Rosicky","Midfielder",11
"Robinho","Forward",11
"Kim Kallstrom","Defender",11
"Luis Suarez","Forward",10
"Ronaldinho Gaucho","Midfielder",10
"Klass - Jan Huntelaar","Forward",10
"Mark van Bommel","Midfielder",10
"Jefferson Farfan","Forward",10
"Gennaro Gattuso","Midfielder",10
"Deco","Midfielder",10
"Raul Meireles","Midfielder",10
"Diego Godin","Defender",10
"Jorge Koke","Midfielder",10
"Pepe Reina","Goalkeeper",10
"Javi Martinez","Defender",10
"Jamie Carragher","Defender",10
"Eric Abidal","Defender",10
"Edwin van der Sar","Goalkeeper",10
"Claude Makelele","Midfielder",10
"Lucho Gonzalez","Midfielder",10
"Gregory Coupet","Goalkeeper",10
"Leonardo Bonucci","Defender",10
"Helton","Goalkeeper",10
"Alessandro Nesta","Defender",10
"Neymar","Forward",10
"John Arne Riise","Defender",10
"Daniel Carvajal","Defender",10
"Marcel Schmelzer","Defender",10
"Emmanuel Adebayor","Forward",10
"Ricardo Quaresma","Midfielder",10
"John Mikel Obi","Midfielder",10
"Jesus Navas","Midfielder",10
"Alex Oxlade-Chamberlain","Midfielder",10
"Julio Baptista","Forward",10
"Javier Pastore","Defender",10
"Antoine Griezmann","Forward",9
"Nemanja Vidic","Defender",9
"Axel Witsel","Midfielder",9
"Rafael Marquez (Mex)","Defender",9
"Aly Cissokho","Defender",9
"Fabio Cannavaro","Defender",9
"Christian Abbiati","Goalkeeper",9
"Giorgio Chiellini","Defender",9
"Kostas Manolas","Defender",9
"Tiago","Midfielder",9
"Danilo","Defender",9
"Daniel van Buyten","Defender",9
"Patrick Vieira","Midfielder",9
"Benedikt Howedes","Defender",9
"Jose Bosingwa","Defender",9
"David Beckham","Midfielder",9
"Ignazio Abate","Defender",9
"Fernando","Midfielder",9
"Steven Gerrard","Midfielder",9
"Bernardo Silva","Midfielder",9
"Adrien Rabiot","Midfielder",9
"Francesco Totti","Forward",9
"Gonzalo Castro","Midfielder",9
"Luis Figo","Midfielder",9
"Mario Gomez","Forward",9
"Claudio Pizarro","Forward",9
"Edin Dzeko","Forward",9
"Paul Pogba","Midfielder",9
"James Rodriguez","Midfielder",9
"Sergio Roberto","Midfielder",9
"Luis Antonio Valencia","Midfielder",9
"Lassana Diarra","Midfielder",9
"Eidur Gudjohnsen","Forward",9
"Hulk","Forward",8
"Mario Gotze","Midfielder",8
"Ilkay Gundogan","Midfielder",8
"Saul Niguez","Midfielder",8
"Jerome Boateng","Defender",8
"Henrikh Mkhitaryan","Midfielder",8
"Roberto Carlos","Defender",8
"Eden Hazard","Midfielder",8
"Lukasz Piszczek","Defender",8
"Ramires","Midfielder",8
"Willy Sagnol","Defender",8
"Yaroslav Rakitskiy","Defender",8
"Santi Cazorla","Midfielder",8
"Bernd Leno","Goalkeeper",8
"David De Gea","Goalkeeper",8
"Nicolas Otamendi","Defender",8
"Paolo Maldini","Defender",8
"Juanfran","Defender",8
"Andrei Pyatov","Goalkeeper",8
"Lillian Thuram","Defender",8
"Doni","Goalkeeper",8
"Anthony Reveillere","Defender",8
"Thomas Vermaelen","Defender",8
"Heurelho Gomes","Goalkeeper",8
"Ivan Marcano","Defender",8
"Aleksandar Kolarov","Defender",8
"Gabriel Heinze","Defender",8
"Dida","Goalkeeper",8
"Ezequiel Ivan Lavezzi","Forward",8
"Diego Costa","Forward",8
"Hernan Crespo","Forward",8
"Vincent Kompany","Defender",8
"Dimitar Berbatov","Forward",8
"Wes Brown","Defender",8
"Bruno Alves","Defender",8
"Paulo Ferreira","Defender",8
"Raheem Sterling","Midfielder",8
"Miroslav Klose","Forward",8
"Joao Moutinho","Midfielder",8
"Heung Min Son","Midfielder",8
"Nicolas Anelka","Forward",8
"Alessandro Del Piero","Forward",8
"Holger Badstuber","Defender",8
"Michel Bastos","Midfielder",8
"Danny Welbeck","Forward",8
"James Milner","Midfielder",8
"Joe Cole","Midfielder",8
"Ze Roberto","Midfielder",8
"John O'Shea","Defender",8
"Abou Diaby","Midfielder",8
"Raul Bravo","Defender",8
"Gilberto Silva","Midfielder",8
"Andrea Barzagli","Defender",8
"Aaron Ramsey","Midfielder",8
"David Pizarro","Midfielder",8
"Owen Hargreaves","Midfielder",8
"Hasan Salihamidzic","Midfielder",8
"Alberto Gilardino","Forward",8
"Ryan Babel","Forward",8
"Salomon Kalou","Forward",8
"Seydou Keita","Midfielder",8
"Andre Schurrle","Forward",8
"Lucas Vazquez","Midfielder",8
"Nelson Haedo-Valdez","Forward",8
"Kylian Mbappe","Forward",7
"Gary Cahill","Defender",7
"Marco Reus","Midfielder",7
"Jan Vennegoor of Hesselink","Forward",7
"Roy Makaay","Forward",7
"Rodrigo Taddei","Midfielder",7
"Pavel Nedved","Midfielder",7
"Simone Perrotta","Midfielder",7
"Fredrik Ljungberg","Midfielder",7
"Steve Finnan","Defender",7
"Ederson","Goalkeeper",7
"Per Mertesacker","Defender",7
"Victor Lindelof","Defender",7
"Keylor Navas","Goalkeeper",7
"Oliver Kahn","Goalkeeper",7
"Cristian Chivu","Defender",7
"Paulo Dybala","Forward",7
"Ruud van Nistelrooy","Forward",7
"Fabinho","Defender",7
"Darren Fletcher","Midfielder",7
"Mohamed Salah","Forward",7
"Yacine Brahimi","Forward",7
"Diego Perotti","Forward",7
"Nani","Midfielder",7
"Stephan El Shaaraway","Midfielder",7
"Marco Materazzi","Defender",7
"Kieran Gibbs","Defender",7
"Nemanja Matic","Midfielder",7
"Stephen Lichtsteiner","Defender",7
"Raul Albiol","Defender",7
"Dante","Defender",7
"Ivan Cordoba","Defender",7
"Luiz Gustavo","Midfielder",7
"Nicolas Burdisso","Defender",7
"Jan Oblak","Goalkeeper",7
"Filippo Inzaghi","Forward",7
"Claudio Marchisio","Midfielder",7
"Ji Sung Park","Midfielder",7
"Joshua Kimmich","Midfielder",7
"Daniele Bonera","Defender",7
"Ashley Young","Midfielder",7
"Leroy Sane","Midfielder",7
"Nicklas Bendtner","Forward",7
"Mirko Vucinic","Forward",7
"Julio Cruz","Forward",7
"Robert Pires","Midfielder",7
"Andriy Shevchenko","Forward",6
"Jean Makoun","Midfielder",6
"Kevin-Prince Boateng","Midfielder",6
"Ivan Helguera","Midfielder",6
"Luisao","Defender",6
"Hector Herrera","Midfielder",6
"Dirk Kuyt","Forward",6
"Roman Neustadter","Defender",6
"Darijo Srna","Defender",6
"David Luiz","Defender",6
"Zinedine Zidane","Midfielder",6
"Jose Maria Gimenez","Defender",6
"Fernando Morientes","Forward",6
"Alex Telles","Defender",6
"Ricardo Costa","Defender",6
"Luiz Adriano","Forward",6
"Fernandez Gabi","Midfielder",6
"Gianluca Zambrotta","Defender",6
"Fabien Frei","Midfielder",6
"Mauro Camoranesi","Midfielder",6
"Gary Neville","Defender",6
"David Ospina","Goalkeeper",6
"Nicolas Lombaerts","Defender",6
"Fernando Gago","Midfielder",6
"Roman Weidenfeller","Goalkeeper",6
"Tomas Hubschmann","Defender",6
"Taison","Forward",6
"Julien Rodriguez","Defender",6
"Jorge Fucile","Defender",6
"Felipe","Defender",6
"Joe Hart","Goalkeeper",6
"Salvatore Sirigu","Goalkeeper",6
"Paulo Assuncao","Midfielder",6
"Alexandr Anyukov","Defender",6
"Francois Clerc","Defender",6
"Hector Bellerin","Defender",6
"Sokratis Papastathopoulos","Defender",6
"Chris Smalling","Defender",6
"Phillip Cocu","Midfielder",6
"Omer Toprak","Defender",6
"Kakha Kaladze","Defender",6
"Aleksander Dragovic","Defender",6
"Pierre Emerick Aubameyang","Forward",6
"Adriano","Forward",6
"Diego Forlan","Forward",6
"Konstantinos Mitroglou","Forward",6
"Maxi Pereira","Defender",6
"Yoann Gourcuff","Midfielder",6
"Emerson","Midfielder",6
"Juan Cuadrado","Midfielder",6
"Cesar Delgado","Forward",6
"Nelson Semedo","Defender",6
"Jeremy Mathieu","Defender",6
"Steven N'Zonzi","Midfielder",6
"Alessandro Florenzi","Midfielder",6
"Jose Antonio Reyes","Forward",6
"Philippe Senderos","Defender",6
"Clement Lenglet","Defender",6
"Ever Banega","Midfielder",6
"David Trezeguet","Forward",6
"Karim Bellarabi","Midfielder",6
"Jonas Goncalves","Forward",6
"Raul Garcia","Midfielder",6
"Arda Turan","Midfielder",6
"Juan Bernat","Defender",6
"Juan Mata","Midfielder",6
"Rafael Da Silva","Defender",6
"Simon Rolfes","Midfielder",6
"Silvinho","Defender",6
"Francis Coquelin","Midfielder",6
"Maniche","Midfielder",6
"Marek Jankulovski","Midfielder",6
"Alex Teixeira","Midfielder",6
"Alexandre Pato","Forward",6
"Alessio Tacchinardi","Midfielder",6
"Alex Song","Midfielder",6
"Thomas Gravesen","Midfielder",6
"Pedro Emanuel","Defender",6
"Kingsley Coman","Midfielder",6
"Peter Crouch","Forward",6
"Joaquin","Midfielder",6
"Fred","Forward",6
"Sulley Muntari","Midfielder",6
"Oscar","Midfielder",6
"Angel Correa","Forward",6
"Sadio Mane","Midfielder",5
"Lukas Podolski","Forward",5
"David Villa","Forward",5
"Kevin De Bruyne","Midfielder",5
"Roberto Firmino","Midfielder",5
"Tiquinho Soares","Forward",5
"Fred","Midfielder",5
"Juan","Defender",5
"Presnel Kimpembe","Defender",5
"Adil Rami","Defender",5
"Michel Salgado","Defender",5
"Sergio Escudero","Defender",5
"Massimo Oddo","Defender",5
"Fabio Coentrao","Defender",5
"Lars Bender","Midfielder",5
"Bixente Lizarazu","Defender",5
"Jordan Henderson","Midfielder",5
"Federico Fazio","Defender",5
"Samuel Umtiti","Defender",5
"Filipe Luis","Defender",5
"Jean-Alain Boumsong","Defender",5
"Andres Guardado","Forward",5
"Davinson Sanchez","Defender",5
"Sami Hyypia","Defender",5
"Hans-Jorg Butt","Goalkeeper",5
"Ronaldo","Forward",5
"Alisson Becker","Goalkeeper",5
"Willy Caballero","Goalkeeper",5
"Roman Burki","Goalkeeper",5
"Ousmane Dembele","Midfielder",5
"Pablo Sarabia","Midfielder",5
"Nicolas Gaitan","Midfielder",5
"Marat Izmailov","Midfielder",5
"Damien Duff","Midfielder",5
"Layvin Kurzawa","Defender",5
"Thomas Lemar","Midfielder",5
"Max Tonetto","Midfielder",5
"Fabio Aurelio","Defender",5
"Juliano Belletti","Defender",5
"Atsuto Uchida","Defender",5
"Serge Aurier","Defender",5
"Nacho","Defender",5
"Edmilson","Defender",5
"Honorato Ederson","Midfielder",5
"Nacho Monreal","Defender",5
"Urby Emanuelson","Defender",5
"Emre Can","Midfielder",5
"Manuel Almunia","Goalkeeper",5
"Denilson","Midfielder",5
"Pablo Zabaleta","Defender",5
"Mehdi Benatia","Defender",5
"Jaroslav Plasil","Midfielder",5
"Fabio Grosso","Defender",5
"Sylvain Wiltord","Forward",5
"Christian Fuchs","Defender",5
"Roberto Soldado","Forward",5
"Yannick Carrasco","Midfielder",5
"Anthony Martial","Midfielder",5
"Yuri Zhirkov","Midfielder",5
"Thomas Meunier","Defender",5
"Max Meyer","Midfielder",5
"Arouna Kone","Forward",5
"Mario Balotelli","Forward",5
"Goran Pandev","Forward",5
"Ludovic Giuly","Midfielder",5
"Julian Brandt","Midfielder",5
"Stefan Kiessling","Forward",5
"Renato Sanches","Midfielder",5
"Gregory van der Wiel","Defender",5
"Anatoly Tymoschuk","Midfielder",5
"Cristian Rodriguez","Midfielder",5
"Eduardo da Silva","Forward",5
"Erik Lamela","Midfielder",5
"Mariano","Forward",5
"Luis Garcia","Forward",4
"Johan Micoud","Midfielder",4
"Benni McCarthy","Forward",4
"Mancini","Forward",4
"Burak Yilmaz","Forward",4
"Valerien Ismael","Defender",4
"Christian Eriksen","Midfielder",4
"Jan Vertonghen","Defender",4
"Andre Ayew","Forward",4
"Silvestre Varela","Forward",4
"Sol Campbell","Defender",4
"Kevin Kuranyi","Forward",4
"Simao Sabrosa","Forward",4
"Marek Hamsik","Midfielder",4
"Cafu","Defender",4
"Georginio Wijnaldum","Midfielder",4
"Aiden McGeady","Midfielder",4
"Steve Mandanda","Goalkeeper",4
"Aleksei Berezoutski","Defender",4
"Lee Naylor","Defender",4
"Christian Trasch","Midfielder",4
"Domenico Criscito","Defender",4
"Selcuk Inan","Midfielder",4
"Nuno Valente","Defender",4
"Lucas Bernardi","Midfielder",4
"Danilo Pereira","Defender",4
"Mohamed Sissoko","Midfielder",4
"Andreas Zikos","Midfielder",4
"Jeffrey Bruma","Defender",4
"Gael Givet","Defender",4
"Oleguer","Defender",4
"Tomas Vaclik","Goalkeeper",4
"Timmy Simons","Midfielder",4
"Dejan Lovren","Defender",4
"Ralf Fahrmann","Goalkeeper",4
"Artur Boruc","Goalkeeper",4
"Etame-Mayer Lauren","Midfielder",4
"Stephen McManus","Defender",4
"Vitor Baia","Goalkeeper",4
"Marcelo Bordon","Defender",4
"Fabian Ernst","Midfielder",4
"Sergio Rico","Goalkeeper",4
"Shunsuke Nakamura","Midfielder",4
"Robert Kovac","Defender",4
"Darko Kovacevic","Forward",4
"Jason Culina","Midfielder",4
"Giovanni van Bronckhorst","Defender",4
"Kyle Walker","Defender",4
"Patrick Muller","Midfielder",4
"Trent Alexander-Arnold","Defender",4
"Antonios Nikopolidis","Goalkeeper",4
"Jose Callejon","Forward",4
"Marcos Senna","Midfielder",4
"Pizzi","Midfielder",4
"Danijel Subasic","Goalkeeper",4
"Aymeric Laporte","Defender",4
"Flavio Roma","Goalkeeper",4
"Sead Kolasinac","Midfielder",4
"Sergei Ignaschevich","Defender",4
"Vasilis Torosidis","Defender",4
"Riccardo Montolivo","Midfielder",4
"Vasili Berezoutski","Defender",4
"Vicente Guaita","Goalkeeper",4
"Jesper Gronkjaer","Midfielder",4
"Andrew Robertson","Defender",4
"Georgi Schennikov","Midfielder",4
"Cristian Molinaro","Defender",4
"Javier Saviola","Forward",4
"Felipo Melo","Midfielder",4
"Olaf Mellberg","Defender",4
"Fernando Muslera","Goalkeeper",4
"Roberto Hilbert","Midfielder",4
"Alou Diarra","Midfielder",4
"Razvan Rat","Defender",4
"Sebastien Squillaci","Defender",4
"Mikel Arteta","Midfielder",4
"Francesco Toldo","Goalkeeper",4
"Andres Palop","Goalkeeper",4
"Antonio Rudiger","Defender",4
"Souleymane Diawara","Defender",4
"Marco Hoger","Midfielder",4
"Marco Streller","Forward",4
"Wendell","Defender",4
"Joao Miranda","Defender",4
"Granit Xhaka","Midfielder",4
"Ben Davies","Defender",4
"Evgeni Aldonin","Midfielder",4
"Eliseu","Midfielder",4
"Timo Hildebrand","Goalkeeper",4
"Diego Lopez","Goalkeeper",4
"Kevin Trapp","Goalkeeper",4
"Rolando","Defender",4
"Jack Wilshere","Midfielder",4
"Matthieu Chalme","Defender",4
"Ieroklis Stoltidis","Midfielder",4
"Romelu Lukaku","Forward",4
"Stevan Jovetic","Forward",4
"Javier Hernandez","Forward",4
"Serge Gnabry","Midfielder",4
"Marcus Rashford","Forward",4
"Joaquin Correa","Midfielder",4
"Tino Costa","Midfielder",4
"Tim Borowski","Midfielder",4
"Oleg Shatov","Midfielder",4
"Sebastian Kehl","Midfielder",4
"Cacau","Forward",4
"Derlis Gonzalez","Forward",4
"Marco Marchionni","Midfielder",4
"Gokhan Gonul","Defender",4
"Otavio","Midfielder",4
"Cristian Ledesma","Midfielder",4
"Taras Stepanenko","Midfielder",4
"Cristiano Zanetti","Midfielder",4
"Stefan Reinartz","Defender",4
"Stefan Savic","Defender",4
"Ezequiel Garay","Defender",4
"Thomas","Midfielder",4
"Johann Vogel","Midfielder",4
"Aleksandr Kerzhakov","Forward",4
"Lukasz Fabianski","Goalkeeper",4
"Eliaquim Mangala","Defender",4
"Viktor Fayzulin","Midfielder",4
"Luis Fabiano","Forward",4
"Semih Kaya","Defender",4
"Zeljko Kalac","Goalkeeper",4
"Miguel Torres","Defender",4
"Raphael Guerreiro","Defender",4
"Loic Remy","Forward",4
"Nuri Sahin","Midfielder",4
"Carlos Tevez","Forward",4
"Andrey Arshavin","Forward",4
"Christian Pulisic","Midfielder",4
"Tomas Necid","Forward",4
"Giorgios Karagounis","Midfielder",4
"Frederic Kanoute","Forward",4
"Jakub Blaszczykowski","Midfielder",4
"Obafemi Martins","Forward",4
"Hamit Altintop","Midfielder",4
"Alvaro Negredo","Forward",4
"Dietmar Hamann","Midfielder",4
"Henrik Larsson","Forward",4
"Anderson","Midfielder",4
"Erik Durm","Defender",4
"Serginho","Midfielder",4
"Jesus Manuel Corona","Midfielder",4
"Matthieu Valbuena","Midfielder",4
"Federico Bernardeschi","Midfielder",4
"Glen Johnson","Defender",4
"Lucas Leiva","Midfielder",4
"Jimmy Briand","Forward",4
"Abdul Kader Keita","Forward",4
"Benoit Cheyrou","Midfielder",4
"Nihat Kahveci","Forward",4
"Esteban Granero","Midfielder",4
"Vitolo","Midfielder",4
"Mateo Kovacic","Midfielder",4
"Ibrahim Afellay","Midfielder",4
"Nabil Dirar","Midfielder",4
"Victor Wanyama","Midfielder",4
"Robert Huth","Defender",4
"Rui Costa","Midfielder",4
"Danijel Pranjic","Midfielder",4
"Rafael van der Vaart","Midfielder",4
"Marco Asensio","Midfielder",4
"Giampaolo Pazzini","Forward",4
"Valentin Stocker","Midfielder",4
"Jese","Forward",4
"Bafetimbi Gomis","Forward",4
"Roque Santa Cruz","Forward",4
"Philippe Coutinho","Midfielder",4
"Santiago Solari","Midfielder",4
"Louis Saha","Forward",4
"Kyriakos Papadopoulos","Defender",4
"Alessandro Costacurta","Defender",4
"Andre Gomes","Midfielder",4
"Alberto Aquilani","Midfielder",4
"Paulo Guerrero","Forward",4
"Stefano Sturaro","Midfielder",4
"Umut Bulut","Forward",4
"Leon Goretzka","Midfielder",4
"Mehmet Scholl","Midfielder",4
"Jermaine Pennant","Midfielder",4
"Raul Jimenez","Forward",4
"Radamel Falcao","Forward",3
"Diego Milito","Forward",3
"Edu","Midfielder",3
"Dries Mertens","Midfielder",3
"Harry Kane","Forward",3
"Virgil van Dijk","Defender",3
"Mateja Kezman","Forward",3
"Dado Prso","Forward",3
"Jermaine Jones","Midfielder",3
"Geoffrey Kondogbia","Midfielder",3
"Jorge Costa","Defender",3
"Mario Suarez","Midfielder",3
"John Stones","Defender",3
"Costinha","Midfielder",3
"Julien Escude","Defender",3
"Lorenzo Insigne","Forward",3
"Alejandro Dominguez","Midfielder",3
"Felipe Santana","Defender",3
"Mohamed Elneny","Midfielder",3
"Vinicius Junior","Forward",3
"Tomas Hubocan","Defender",3
"Vedran Corluka","Defender",3
"Dele Alli","Midfielder",3
"Torsten Frings","Midfielder",3
"Jaap Stam","Defender",3
"Benjamin Mendy","Defender",3
"Riyad Mahrez","Midfielder",3
"Andrea Poli","Midfielder",3
"Dmytro Chygrynskiy","Defender",3
"Albert Riera","Midfielder",3
"Lucas Digne","Defender",3
"Sime Vrsaljko","Defender",3
"Miguel","Defender",3
"Andreas Christensen","Defender",3
"Leo Dubois","Midfielder",3
"Nicola Legrottaglie","Defender",3
"Ahmed Musa","Midfielder",3
"Matija Nastasic","Defender",3
"Juan Sebastian Veron","Midfielder",3
"Andreas Samaris","Midfielder",3
"Emir Spahic","Defender",3
"Steven Pienaar","Midfielder",3
"Julian Weigl","Midfielder",3
"Angel Lopez","Defender",3
"Rodri Hernandez","Midfielder",3
"Jonny Evans","Defender",3
"Carlo Cudicini","Goalkeeper",3
"Radja Nainggolan","Midfielder",3
"Taulant Xhaka","Defender",3
"Marcelo","Defender",3
"Miguel Angel Moya","Goalkeeper",3
"Ivica Dragutinovic","Defender",3
"Jackson Martinez","Forward",3
"Santiago Arias","Midfielder",3
"Olexander Kucher","Defender",3
"Tim Howard","Goalkeeper",3
"Jardon Sancho","Midfielder",3
"Ferland Mendy","Defender",3
"Kevin Kampl","Midfielder",3
"Daniel Parejo","Midfielder",3
"Luca Zuffi","Midfielder",3
"Sven Bender","Midfielder",3
"Georgios Seitaridis","Defender",3
"Wayne Bridge","Defender",3
"Roy Keane","Midfielder",3
"Anthony Lopes","Goalkeeper",3
"Marek Suchy","Defender",3
"Frenkie de Jong","Midfielder",3
"Frank Baumann","Defender",3
"Harry Kewell","Forward",3
"Ivan Klasnic","Forward",3
"Mattia De Sciglio","Defender",3
"Andre Ooijer","Defender",3
"Martin Skrtel","Defender",3
"Marco Cassetti","Defender",3
"Eric Bailly","Defender",3
"Christophe Jallet","Midfielder",3
"Jonathan Zebina","Midfielder",3
"Moussa Dembele","Forward",3
"Gabriel Mercado","Defender",3
"Toby Alderweireld","Defender",3
"Domagoj Vida","Defender",3
"Juri Lodigin","Goalkeeper",3
"Danny","Forward",3
"Harry Winks","Midfielder",3
"Jason Denayer","Defender",3
"Stephane Mbia","Midfielder",3
"Vitorino Antunes","Defender",3
"Marcos Alonso","Midfielder",3
"Matthijs de Ligt","Defender",3
"Gabriel Jesus","Forward",3
"Cristian Tello","Forward",3
"Lucas Tousart","Midfielder",3
"Alessandro Matri","Forward",3
"Keisuke Honda","Midfielder",3
"Brandao","Forward",3
"Marouane Chamakh","Forward",3
"Milan Baros","Forward",3
"Quinton Fortune","Midfielder",3
"Christian Panucci","Defender",3
"Dennis Bergkamp","Forward",3
"Oleksandr Zinchenko","Midfielder",3
"Kevin Grosskreutz","Midfielder",3
"Daniel Drinkwater","Midfielder",3
"Piotr Zielinski","Midfielder",3
"Matteo Brighi","Midfielder",3
"Evander Sno","Midfielder",3
"Edouard Cisse","Midfielder",3
"Fernandes Bruno","Midfielder",3
"Mark Wilson","Defender",3
"Enzo Maresca","Midfielder",3
"Davide Santon","Defender",3
"Marco Borriello","Forward",3
"Rodrigo Bentancur","Midfielder",3
"Renato","Midfielder",3
"Diego Capel","Midfielder",3
"Marlos","Forward",3
"Bastian Oczipka","Defender",3
"Rod Fanni","Defender",3
"Mikael Silvestre","Defender",3
"Eduardo Salvio","Midfielder",3
"Joseph Gomez","Defender",3
"Javi Venta","Defender",3
"Daniel Sturridge","Forward",3
"Johan Djourou","Defender",3
"Niklas Sule","Defender",3
"Petri Pasanen","Defender",3
"Jesus Gamez","Defender",3
"Frank Fahrenhorst","Defender",3
"Gianluca Pessotto","Defender",3
"Maxime Gonalons","Midfielder",3
"Kevin Constant","Midfielder",3
"Luis Neto","Defender",3
"Luca Antonini","Defender",3
"Tanguy NDombele","Midfielder",3
"Maicon","Defender",3
"Miguel Veloso","Defender",3
"Eric Dier","Midfielder",3
"Kevin Gameiro","Forward",3
"Yohan Cabaye","Midfielder",3
"Marcelo Zalayeta","Forward",3
"Anderson Talisca","Midfielder",3
"Jeremie Berthod","Defender",3
"Jeremy Menez","Forward",3
"Roberto Pereyra","Midfielder",3
"Bertrand Traore","Midfielder",3
"Maxwell Cornet","Forward",3
"Vikash Dhorasoo","Midfielder",3
"Shinji Kagawa","Midfielder",3
"Yuto Nagatomo","Defender",3
"Mathieu Bodmer","Midfielder",3
"Breel Embolo","Forward",3
"Rafinha","Midfielder",3
"Marek Cech","Defender",3
"Gabriel Milito","Defender",3
"Tarik Sektioui","Midfielder",3
"Helder Postiga","Forward",3
"Geremi","Midfielder",3
"Allan","Midfielder",3
"Chinedu Obasi","Forward",3
"Asier Illarramendi","Midfielder",3
"Hatem Ben Arfa","Midfielder",3
"Ruben Neves","Midfielder",3
"Ernesto Farias","Forward",3
"Georgios Samaras","Forward",3
"Simone Padoin","Midfielder",3
"Breno","Defender",3
"Bojan Krkic","Forward",3
"DaMarcus Beasley","Forward",3
"Fabrizio Miccoli","Forward",3
"Jeremy Clement","Midfielder",3
"Fernando Belluschi","Midfielder",3
"Kwadwo Asamoah","Forward",3
"Mika Vayrynen","Midfielder",3
"Igor Smolinkov","Midfielder",3
"Tomas Costa","Midfielder",3
"Arkadiusz Milik","Forward",3
"Pavel Mamaev","Midfielder",3
"Divock Origi","Forward",3
"Peter Lovenkrands","Forward",2
"Nicolo Zaniolo","Midfielder",2
"Hakim Ziyech","Forward",2
"Roman Shirokov","Midfielder",2
"Nabil Bentaleb","Midfielder",2
"Deivid","Forward",2
"Dusan Tadic","Midfielder",2
"Christian Schulz","Defender",2
"David Neres","Forward",2
"Mauro Rosales","Forward",2
"Mohamed Elyounossi","Forward",2
"Juan Roman Riquelme","Midfielder",2
"Moussa Marega","Midfielder",2
"Oscar Cardozo","Forward",2
"Gokhan Inler","Midfielder",2
"Craig Bellamy","Forward",2
"Rodolfo Arruabarrena","Defender",2
"Zoran Tosic","Midfielder",2
"Michael Ciani","Defender",2
"Michal Kadlec","Defender",2
"Pontus Wernbloom","Forward",2
"Jamie Vardy","Forward",2
"Cengiz Under","Midfielder",2
"Sven Kums","Midfielder",2
"Per Kroldrup","Defender",2
"Jadson","Midfielder",2
"Diego Lugano","Defender",2
"Mark Gonzalez","Midfielder",2
"Wes Morgan","Defender",2
"Edison Mendez","Midfielder",2
"Vagner Love","Forward",2
"Marc Albrighton","Midfielder",2
"Juan Manuel Vargas","Defender",2
"Tiemoue Bakayoko","Midfielder",2
"Michael Lang","Defender",2
"Vitali Buyalsky","Midfielder",2
"Albert Luque","Forward",2
"Giuseppe Rossi","Forward",2
"Facundo Ferreyra","Forward",2
"Ariel Ibagaza","Midfielder",2
"Evanggelos Mantzios","Forward",2
"Jose Ignacio","Midfielder",2
"Max Kruse","Forward",2
"Vincent Aboubakar","Forward",2
"Hakan Calhanoglu","Midfielder",2
"Joel Campbell","Forward",2
"Aurelien Chedjou","Midfielder",2
"Maxi Rodriguez","Midfielder",2
"Lasse Schone","Midfielder",2
"Jacek Krzynowek","Midfielder",2
"Sidney Sam","Midfielder",2
"Vladimir Maminov","Midfielder",2
"Alan Dzagoev","Midfielder",2
"Sergio Reguilon","Defender",2
"Barry Ferguson","Midfielder",2
"Donny van de Beek","Midfielder",2
"Joan Capdevila","Defender",2
"Aaron Lennon","Midfielder",2
"Manuel Iturra","Midfielder",2
"Antonio Nocerino","Midfielder",2
"Hedwiges Maduro","Midfielder",2
"Brecht Dejaegere","Midfielder",2
"Bruno Cesar","Midfielder",2
"Constantinos Charalambides","Midfielder",2
"Jose Manuel Jurado","Midfielder",2
"Moussa Sissoko","Midfielder",2
"Alex Souza","Midfielder",2
"Ugur Boral","Midfielder",2
"Benoit Tremoulinas","Defender",2
"Christian Poulsen","Midfielder",2
"Kevin Strootman","Midfielder",2
"Houssem Aouar","Midfielder",2
"Vadim Evseev","Defender",2
"Pegguy Luyindula","Forward",2
"Giuseppe Pancaro","Defender",2
"Jerome Rothen","Midfielder",2
"Rastislav Michalik","Midfielder",2
"Giannis Maniatis","Defender",2
"Ruben Micael","Midfielder",2
"Oliver Torres","Midfielder",2
"Ricardo Rodriguez","Defender",2
"Djibril Sidibe","Defender",2
"Robin Knoche","Midfielder",2
"Victor Moses","Midfielder",2
"Faouzi Ghoulam","Defender",2
"Fabiano","Goalkeeper",2
"Viacheslav Shevchuk","Defender",2
"Denys Garmash","Midfielder",2
"Wilfred Ndidi","Midfielder",2
"Oleksandr Shovkovskyi","Goalkeeper",2
"Evgen Khacheridi","Defender",2
"Kasper Schmeichel","Goalkeeper",2
"Elseid Hisaj","Defender",2
"Josip Drmic","Forward",2
"Andrea Raggi","Defender",2
"Lukasz Teodorczyk","Forward",2
"Jesse Lingard","Midfielder",2
"Shkelzen Gashi","Midfielder",2
"Bernard","Midfielder",2
"Timon Wellenreuther","Goalkeeper",2
"Moussa Dembele","Midfielder",2
"Phil Jones","Defender",2
"Hector Moreno","Defender",2
"Aymen Abdennour","Defender",2
"Geoffroy Serey Die","Midfielder",2
"Alphonse Areola","Goalkeeper",2
"Gary Medel","Midfielder",2
"Shkodran Mustafi","Defender",2
"Matz Sels","Goalkeeper",2
"Behrang Safari","Defender",2
"Alex Iwobi","Forward",2
"Franco Vasquez","Midfielder",2
"Danijel Milicevic","Midfielder",2
"Eder Militao","Defender",2
"Andre Silva","Forward",2
"Renato Neto","Midfielder",2
"Marc Bartra","Defender",2
"Andre Almeida","Defender",2
"Diego Reyes","Midfielder",2
"Kalidou Koulibaly","Defender",2
"Danny Simpson","Defender",2
"Wallace","Defender",2
"Andre Onana","Goalkeeper",2
"Blas Riveros","Defender",2
"Luke Shaw","Defender",2
"Amadou Diawara","Midfielder",2
"Scott McTominay","Forward",2
"Dimitri Oberlin","Forward",2
"Ljubomir Fejsa","Midfielder",2
"Leo Lacroix","Defender",2
"Ander Herrera","Midfielder",2
"Memphis Depay","Midfielder",2
"Giovani Lo Celso","Midfielder",2
"Lasse Nielsen","Defender",2
"Abdou Diallo","Defender",2
"Artyom Dzyuba","Forward",2
"Marcal","Defender",2
"Maximilian Arnold","Midfielder",2
"Suat Serdar","Midfielder",2
"Caner Erkin","Midfielder",2
"Xherdan Shaqiri","Midfielder",2
"Moses Simon","Midfielder",2
"Morgan De Sanctis","Goalkeeper",2
"Jurgen Locadia","Forward",2
"Salif Sane","Defender",2
"Andriy Yarmolenko","Forward",2
"Javi Garcia","Midfielder",2
"Marco van Ginkel","Midfielder",2
"Nana Asare","Defender",2
"Andre Andre","Midfielder",2
"Daley Blind","Defender",2
"Nicolas Tagliafico","Defender",2
"Jetro Willems","Defender",2
"Jardel","Defender",2
"Maarten Stekelenburg","Goalkeeper",2
"Christian Maggio","Defender",2
"Koen Casteels","Goalkeeper",2
"N'Golo Kante","Midfielder",2
"Luis Muriel","Forward",2
"Noussair Mazraoui","Midfielder",2
"Loris Karius","Goalkeeper",2
"Sven Ulreich","Goalkeeper",2
"Bohdan Butko","Defender",2
"Thilio Kehrer","Defender",2
"Yuri Berchiche","Defender",2
"Weston McKennie","Midfielder",2
"Neven Subotic","Defender",2
"Davy Propper","Midfielder",2
"Maxim Choupo-Moting","Forward",2
"Ismaily","Defender",2
"Oliver","Midfielder",2
"Jeroen Zoet","Goalkeeper",2
"Markus Steinhofer","Defender",2
"Mikael Nilsson","Midfielder",2
"Josu Sarriegi","Defender",2
"Cicinho","Defender",2
"Hernan Perez","Midfielder",2
"Andreas Hinkel","Defender",2
"Leandro Salino","Midfielder",2
"Juan Velasco","Defender",2
"Fernando Meira","Midfielder",2
"Sergio","Midfielder",2
"Pavel Pergl","Midfielder",2
"Sergei Ovchinnikov","Forward",2
"Mauro Silva","Midfielder",2
"Sergio","Defender",2
"Zvonimir Soldo","Midfielder",2
"Silvio Meissner","Defender",2
"Mikhail Ashvetia","Forward",2
"Nigel De Jong","Midfielder",2
"Victor","Midfielder",2
"Jose Holebas","Defender",2
"Roberto Gago","Goalkeeper",2
"Lukas Zelenka","Midfielder",2
"Carlos Alberto","Midfielder",2
"Igor Gabilondo","Midfielder",2
"Adel Taarabt","Midfielder",2
"Peter Luccin","Midfielder",2
"Karel Poborsky","Midfielder",2
"Juan Carlos Valeron","Midfielder",2
"Delvin N'Dinga","Midfielder",2
"Malkhaz Asatiani","Midfielder",2
"Valery Karpin","Midfielder",2
"Noureddine Naybet","Defender",2
"Oleg Pashinin","Defender",2
"Charlie Mulgrew","Defender",2
"Emilo Izaguirre","Defender",2
"Viacheslav Malafeev","Goalkeeper",2
"Gabriel Schurrer","Defender",2
"Jaromir Blazek","Goalkeeper",2
"Dmitri Loskov","Midfielder",2
"Salvatore Aronica","Defender",2
"Stephen Appiah","Midfielder",2
"Paulo Jorge","Defender",2
"Jiri Stajner","Forward",2
"Petr Johana","Defender",2
"Tom Cleverley","Midfielder",2
"Walter Gargano","Midfielder",2
"Dmitri Alenichev","Midfielder",2
"Hugo Ibarra","Defender",2
"Manuel Friedrich","Defender",2
"Samuel Kuffour","Defender",2
"Jose Molina","Goalkeeper",2
"Lionel Scaloni","Defender",2
"Dmitri Sennikov","Defender",2
"Jose Ailton","Forward",2
"Nicky Butt","Midfielder",2
"Joo Ho Park","Defender",2
"Jorge Andrade","Defender",2
"Pablo Cavallero","Goalkeeper",2
"Luis Rubiales","Defender",2
"Eric Deflandre","Defender",2
"Bittor Alkiza","Midfielder",2
"Aleksandr Mostovoi","Midfielder",2
"Phil Neville","Defender",2
"Vladimir Labant","Defender",2
"Paolo Montero","Defender",2
"Gary Hooper","Forward",2
"Sebastian Deisler","Midfielder",2
"Mohamed Kallon","Forward",2
"Dionisis Chiotis","Goalkeeper",2
"Young Pyo Lee","Midfielder",2
"Jan-Ingwer Callsen-Braker","Defender",2
"Carsten Ramelow","Midfielder",2
"Paul Stalteri","Midfielder",2
"Eren Derdiyok","Forward",2
"Diego Placente","Defender",2
"Wilfred Bouma","Defender",2
"Andreas Reinke","Goalkeeper",2
"Bernd Schneider","Midfielder",2
"Ludovic Magnin","Defender",2
"Igor Biscan","Defender",2
"Lamine Diatta","Defender",2
"Daniel Schwaab","Defender",2
"Naldo","Defender",2
"Stephen Warnock","Defender",2
"Roberto Ayala","Defender",2
"Artur Moraes","Goalkeeper",2
"Emiliano Moretti","Defender",2
"Manuele Blasi","Midfielder",2
"Nuno Gomes","Forward",2
"Sotiris Kyrgiakos","Defender",2
"Konstantin Zyryanov","Midfielder",2
"Alcides","Defender",2
"Carlos Salcido","Defender",2
"Manuel Fernandes","Midfielder",2
"Darren O'Dea","Defender",2
"Nourdin Boukhari","Midfielder",2
"Anderson","Defender",2
"Achraf Hakimi","Defender",2
"Ludovic Obraniak","Midfielder",2
"Hamed Namouchi","Midfielder",2
"Santiago Canizares","Goalkeeper",2
"Marcus Rosenberg","Forward",2
"Tony Sylva","Goalkeeper",2
"Brahim Hemdani","Midfielder",2
"Gregory Tafforeau","Defender",2
"Jose Maria Romero","Forward",2
"Sofiane Feghouli","Midfielder",2
"Patrick Owomoyela","Defender",2
"Yann Sommer","Goalkeeper",2
"Tim Wiese","Goalkeeper",2
"Moretto","Goalkeeper",2
"Ronald Waterreus","Goalkeeper",2
"Avraam Papadopoulos","Defender",2
"Chris Burke","Midfielder",2
"Jeremy Morel","Defender",2
"Juan Manuel Pena","Defender",2
"Helder Sousa","Midfielder",2
"Laurent Robert","Forward",2
"Savvas Poursaitidis","Midfielder",2
"John Carew","Forward",2
"Miguel Angel Angulo","Midfielder",2
"Gonzalo Rodriguez","Defender",2
"Efstathios Tavlaridis","Defender",2
"Leo","Defender",2
"Nicolas Plestan","Defender",2
"Hatem Trabelsi","Defender",2
"Neil Lennon","Midfielder",2
"Josico","Midfielder",2
"Daniel Agger","Defender",2
"Olaf Lindenbergh","Defender",2
"Carlos Marchena","Defender",2
"Michael Reiziger","Defender",2
"Peter Odemwingie","Forward",2
"Beto","Midfielder",2
"Federico Peluso","Defender",2
"Predrag Djordjevic","Midfielder",2
"Dany Nounkeu","Defender",2
"Dan-Axel Zagadou","Defender",2
"David Abraham","Defender",2
"Cristian Zapata","Defender",2
"Levan Kobiashvili","Midfielder",2
"Kris Commons","Midfielder",2
"Paraskevas Antzas","Defender",2
"Mladen Krstajic","Defender",2
"Renato Augusto","Midfielder",2
"Paul Hartley","Midfielder",2
"Weligton","Defender",2
"Kelvin Wilson","Defender",2
"Volkan Demirel","Goalkeeper",2
"Fraser Forster","Goalkeeper",2
"Mehmet Aurelio","Midfielder",2
"Seydou Doumbia","Forward",2
"Fabricio Fuentas","Defender",2
"Sergei Chepchugov","Goalkeeper",2
"Bakary Kone","Defender",2
"Paolo Cannavaro","Defender",2
"Hugo Campagnaro","Defender",2
"Morgan Amalfitano","Midfielder",2
"Juan Camilo Zuniga","Defender",2
"Nicolas N'Koulou","Defender",2
"Cedric Carrasso","Goalkeeper",2
"Anastasios Pantos","Defender",2
"William Boaventura","Defender",2
"Selcuk Sahin","Midfielder",2
"Nelson Rivas","Defender",2
"Julio Cesar","Defender",2
"Heiko Westermann","Defender",2
"Edu Dracana","Defender",2
"Sebastian Viera","Goalkeeper",2
"Gary Caldwell","Defender",2
"Miguel Nuno Morais","Forward",2
"Lorenzo De Silvestri","Defender",2
"Marco Motta","Defender",2
"Christian Sapunaru","Defender",2
"Mario Galinovic","Goalkeeper",2
"Pablo Ibanez","Defender",2
"Mate Junior Simao","Defender",2
"Scott Brown","Midfielder",2
"David Albelda","Midfielder",2
"Jakub Wawrzyniak","Defender",2
"Tomas Ujfalusi","Defender",2
"Sebastian Eguren","Midfielder",2
"Loukas Vyntra","Defender",2
"Tonel","Defender",2
"Antonio Lopez","Defender",2
"Derlei","Forward",2
"Anderson Polga","Defender",2
"Sebastian Frey","Goalkeeper",2
"Michal Zewlakow","Defender",2
"Michael Rensing","Goalkeeper",2
"Leo Franco","Goalkeeper",2
"Jerzy Dudek","Goalkeeper",2
"Christoph Metzelder","Defender",2
"Alvaro Pereira","Midfielder",2
"Alexander Frei","Forward",2
"Mehmet Topal","Midfielder",2
"Fernando Menegazzo","Defender",2
"Fernando Navarro","Defender",2
"Emerson","Defender",2
"Mikael Antonsson","Defender",2
"Lomana LuaLua","Forward",2
"Lamine Sane","Defender",2
"Didier Zokora","Midfielder",2
"Mathieu Delpierre","Defender",2
"Wendel","Midfielder",2
"Johan Wiland","Goalkeeper",2
"Pavel Pogrebnyak","Forward",2
"Cesare Natali","Defender",2
"Stefano Celozzi","Defender",2
"Milos Krasic","Midfielder",2
"Jesus Datolo","Defender",2
"Marius Stankevicius","Midfielder",2
"Igor Akinfeev","Goalkeeper",2
"Aritz Aduriz","Forward",2
"Alan Hutton","Defender",2
"Michael Dawson","Defender",2
"Claudemir","Midfielder",2
"Peer Kluge","Midfielder",2
"Dame N'Doye","Forward",2
"Benoit Assou-Ekotto","Defender",2
"Mathias Jorgensen","Defender",2
"Oscar Wendt","Defender",2
"William Kvist","Midfielder",2
"Cristian Bolanos","Midfielder",2
"Sandro","Midfielder",2
"Thomas Kraft","Goalkeeper",2
"Andrea Ranocchia","Defender",2
"Radoslav Kovac","Midfielder",2
"Rodrigo Moreno","Forward",2
"Djimi Traore","Defender",2
"Igor Denisov","Midfielder",2
"Deividas Semberas","Defender",2
"Wissam Ben Yedder","Forward",2
"Franca","Forward",2
"Phil Foden","Midfielder",2
"Joseba Llorente","Forward",2
"Alexandre Lacazette","Forward",2
"Walter Pandiani","Forward",2
"Sergei Semak","Midfielder",2
"Yossi Benayoun","Midfielder",2
"Gustavo Manduca","Midfielder",2
"Salomon Rondon","Forward",2
"Vieirinha","Midfielder",2
"Tranquillo Barnetta","Midfielder",2
"Christian Lell","Defender",2
"Timo Gebhart","Midfielder",2
"Yannick Djalo","Forward",2
"Cani","Midfielder",2
"Joao Cancelo","Defender",2
"Vladimir Bystrov","Midfielder",2
"Biram Kayal","Midfielder",2
"Adam Matthews","Defender",2
"Efe Ambrose","Defender",2
"Izet Hajrovic","Midfielder",2
"Hakan Balta","Defender",2
"Elderson","Defender",2
"Gervinho","Forward",2
"Federico Valverde","Midfielder",2
"Joleon Lescott","Defender",2
"Patrik Schick","Forward",2
"Diego","Midfielder",2
"Mamadou Sakho","Defender",2
"Clement Chantome","Midfielder",2
"M'Baye Niang","Forward",2
"David Fuster","Midfielder",2
"Teemu Pukki","Forward",2
"Philipp Wollscheid","Defender",2
"James Forrest","Forward",2
"Yekta Kurtulus","Midfielder",2
"Ricardo","Goalkeeper",2
"Mikel Aranburu","Midfielder",2
"Diego Tristan","Forward",2
"James Obiorah","Midfielder",2
"Imre Szabics","Midfielder",2
"Martin Terrier","Forward",2
"Mauricio Pinilla","Forward",2
"Tomos Sivok","Midfielder",2
"Sergei Gurenko","Midfielder",2
"Gennadiy Nizhegorodov","Defender",2
"Andriy Voronin","Forward",2
"Pierre-Alain Frau","Forward",2
"Daniel Bierofka","Midfielder",2
"Gerard","Midfielder",2
"Landon Donovan","Forward",2
"Fabian Delph","Midfielder",2
"Arthur","Midfielder",2
"Scott McDonald","Forward",2
"Federico Balzaretti","Defender",2
"Robbie Fowler","Forward",2
"Thomas Buffel","Midfielder",2
"Massimo Donati","Midfielder",2
"Eric Addo","Defender",2
"Lucas Hernandez","Defender",2
"Alvaro Mejia","Defender",2
"Halil Altintop","Forward",2
"Diogo Dalot","Defender",2
"Esteban Solari","Forward",2
"Christopher Nkunku","Midfielder",2
"Ivan Trickovski","Forward",2
"William Vainqueur","Midfielder",2
"Aleksandr Kokorin","Forward",2
"Mauricio","Midfielder",2
"Cabral","Midfielder",2
"Luciano Narsingh","Forward",2
"Cesar Santin","Forward",2
"Kenny Miller","Forward",2
"Matteo Ferrari","Defender",2
"Guido Burgstaller","Midfielder",2
"Lorenzo Pellegrini","Midfielder",2
"Thomas Matton","Midfielder",2
"Sun Xiang","Defender",2
"Gabriel Paulista","Defender",2
"Mathieu Debuchy","Defender",2
"Pierre Bengtsson","Defender",2
"Daniel Caligiuri","Midfielder",2
"Martin Vingaard","Midfielder",2
"Thomas Foket","Midfielder",2
"Hernanes","Midfielder",2
"Olivier Dacourt","Midfielder",2
"Nicolas Isimat-Mirin","Defender",2
"Nicolas Fauvergue","Forward",2
"Hamza Mendyl","Defender",2
"Fernando","Midfielder",2
"Bryan Cristante","Midfielder",2
"Thomas Delaney","Midfielder",2
"Jiri Jarosik","Midfielder",2
"Almamy Toure","Defender",2
"Pascal Cygan","Defender",2
"Marco Caneira","Defender",2
"Adam Lallana","Midfielder",2
"Bruno Pereirinha","Forward",2
"Vicente Iborra","Midfielder",2
"Gokcek Vederson","Defender",2
"Carlos Grossmuller","Midfielder",2
"Gerald Asamoah","Forward",2
"Charles Aranguiz","Midfielder",2
"Valere Germain","Forward",2
"Darron Gibson","Midfielder",2
"Kevin Volland","Forward",2
"Miguel Layun","Defender",2
"Bruno Soriano","Midfielder",2
"Souleymane Diamoutene","Defender",2
"Amauri","Forward",2
"Jonathan Woodgate","Defender",2
"Simon Vukcevic","Midfielder",2
"Mariano","Defender",2
"Dimitrios Salpingidis","Forward",2
"Charles Kabore","Midfielder",2
"Abel","Defender",2
"Gabriel","Defender",2
"Majeed Waris","Forward",2
"Paulinho","Forward",2
"Florent Sinama-Pongolle","Forward",2
"Kevin Bua","Midfielder",2
"Jaouad Zairi","Forward",2
"Ivan Ordets","Defender",2
"Zdravko Kuzmanovic","Midfielder",2
"Atiba Hutchinson","Midfielder",2
"Tolgay Arslan","Midfielder",2
"Sergio Oliveira","Midfielder",2
"Serhiy Kryvtsov","Defender",2
"Franco Cervi","Midfielder",2
"Marouane Fellaini","Midfielder",2
"Giuseppe Favalli","Defender",2
"Felipe","Defender",2
"Matt Derbyshire","Forward",2
"Andrea Dossena","Defender",2
"Kalifa Coulibaly","Midfielder",2
"Fernando Llorente","Forward",2
"Semih Senturk","Forward",2
"Maxi Lopez","Forward",2
"Adrian Lopez","Forward",2
"Marko Pjaca","Forward",2
"Danny Ings","Forward",2
"Jacques Zoua","Forward",2
"Jose Sosa","Midfielder",2
"Kenny Saief","Midfielder",2
"Ivica Olic","Forward",2
"Jordan Ayew","Forward",2
"Marcinho","Midfielder",2
"Maxime Lestienne","Forward",2
"Sekou Oliseh","Midfielder",2
"Marcel Schafer","Defender",2
"Joel Obi","Midfielder",2
"Nordin Amrabat","Forward",2
"Guido Pizarro","Midfielder",2
"Leonardo","Defender",2
"Vladimir Smicer","Midfielder",2
"Ricardo Rocha","Defender",2
"Keirrison","Forward",2
"Ignacio Camacho","Midfielder",2
"Jussie","Forward",2
"Djibril Cisse","Forward",2
"Ciprian Marica","Forward",2
"Kris Boyd","Forward",2
"Manuel Pasqual","Defender",2
"Lucas Piazon","Forward",2
"Carlos Vela","Forward",2
"Corentin Tolisso","Midfielder",2
"Wilfried Bony","Forward",2
"Shabani Nonda","Forward",2
"Adrian Mutu","Forward",2
"Nilmar","Forward",2
"Michael Owen","Forward",2
"Ismail Aissati","Midfielder",2
"Ruben Olivera","Midfielder",2
"Christian Atsu","Midfielder",2
"Nolito","Forward",2
"Nacho Novo","Forward",2
"Winston Parks","Forward",2
"Adriano","Forward",2
"Oliver Kirch","Midfielder",2
"Matthias Ginter","Defender",2
"Kelechi Iheanacho","Forward",2
"Oscar De Paula","Forward",2
"Roysten Drenthe","Midfielder",2
"Shaun Wright-Phillips","Midfielder",2
"Colin Kazim-Richards","Forward",2
"Davide Calla","Midfielder",2
"Jonas Hofmann","Midfielder",2
"Fran","Midfielder",2
"Edgaras Jankauskas","Forward",2
"Vladimir Gluscevic","Forward",2
"Paulo Machado","Midfielder",2
"Nwankwo Kanu","Forward",2
"Vagner","Midfielder",2
"Christian Tiffert","Midfielder",2
"Leon Bailey","Midfielder",2
"Wellington Nem","Midfielder",2
"Ricardo Fernandes","Defender",2
"Alan Smith","Forward",2
"Goncalo Paciencia","Forward",2
"Aleix Vidal","Defender",2
"Ante Rukavina","Forward",2
"Gerson","Midfielder",2
"Antonio Cassano","Forward",2
"Vicente","Midfielder",2
"Miguel de las Cuevas","Midfielder",2
"Sandro Ramirez","Forward",2
"Hugo Viana","Midfielder",2
"Daniel Amartey","Midfielder",2
"Houssine Kharja","Midfielder",2
"Bruno Moraes","Forward",2
"Kenneth Zohore","Forward",2
"Jeremy Pied","Defender",2
"Leandro Paredes","Midfielder",2
"Jota","Forward",2
"Kasper Dolberg","Forward",2
"Steven Skrzybski","Forward",2
"Hernani","Forward",2
"Luca Toni","Forward",1
"Erling Haaland","Forward",1
"Hans Hateboer","Defender",1
"Fabio Quagliarella","Forward",1
"Timo Werner","Forward",1
"Mario Gavranovic","Midfielder",1
"Remo Freuler","Midfielder",1
"Vincenzo Iaquinta","Forward",1
"Tim Hoogland","Defender",1
"Barry Robson","Midfielder",1
"Edu","Forward",1
"Josip Ilicic","Midfielder",1
"Mario Pasalic","Midfielder",1
"Benjamin Henrichs","Defender",1
"Geovanni","Forward",1
"Petit","Midfielder",1
"Michael Olaitan","Forward",1
"Alejandro Dario Gomez","Midfielder",1
"Giulio Donati","Defender",1
"Alphonso Davies","Midfielder",1
"Kieran Trippier","Defender",1
"Tin Jedvaj","Defender",1
"Augusto Fernandez","Midfielder",1
"Horst Heldt","Midfielder",1
"Ciro Immobile","Forward",1
"Mario Rui","Defender",1
"Kai Havertz","Midfielder",1
"Pablo Hernandez","Midfielder",1
"Guilherme Siqueira","Midfielder",1
"Luuk De Jong","Forward",1
"Demetrio Albertini","Midfielder",1
"Rafa","Midfielder",1
"Zdenek Pospech","Defender",1
"Andre Carrillo","Midfielder",1
"Evandro","Midfielder",1
"Nikola Maksimovic","Defender",1
"Danilo Silva","Defender",1
"Taye Taiwo","Defender",1
"Jemerson","Defender",1
"Serhiy Rybalka","Midfielder",1
"Cesar Aparecido","Midfielder",1
"Javier Ernesto Chevanton","Forward",1
"Robson Ponte","Midfielder",1
"Igor Gluscevic","Midfielder",1
"Gustavo Lopez","Forward",1
"Mouctar Diakhaby","Defender",1
"Sinesa Mihajlovic","Defender",1
"Peter Gulacsi","Goalkeeper",1
"Borja Oubina","Midfielder",1
"Mario Yepes","Defender",1
"Shinji Okazaki","Forward",1
