"Rank","Player_Name","Taken","Home","Away","Scored","Missed","Saved"
"1","Cristiano Ronaldo",19,"12","7",16,"1","2"
"2","Lionel Messi",15,"8","7",12,"2","1"
"3","Luis Figo",11,"9","2",10,"-","1"
"4","Ruud van Nistelrooy",14,"9","5",10,"2","2"
"5","Sergio Aguero",14,"10","4",10,"1","3"
"6","Robert Lewandowski",9,"4","5",9,"-","-"
"7","Alessandro Del Piero",7,"7","-",7,"-","-"
"8","Thomas Muller",10,"4","6",7,"1","2"
"9","Steven Gerrard",7,"5","2",6,"-","1"
"10","Robin van Persie",7,"6","1",6,"1","-"
"11","Rivaldo",6,"4","2",6,"-","-"
"12","Ronaldinho Gaucho",8,"4","4",6,"-","2"
"13","Kaka",5,"4","1",5,"-","-"
"14","Zlatan Ibrahimovic",7,"5","2",5,"-","2"
"15","Francesc Fabregas",5,"4","1",5,"-","-"
"16","Bent Skammelsrud",5,"5","-",4,"-","1"
"17","Wayne Rooney",4,"-","4",4,"-","-"
"18","Andriy Shevchenko",6,"5","1",4,"2","-"
"19","Vladimir Labant",4,"2","2",4,"-","-"
"20","Francesco Totti",5,"3","2",4,"-","1"
"21","Gaizka Mendieta",5,"3","2",4,"-","1"
"22","Arturo Vidal",5,"5","-",4,"-","1"
"23","Eden Hazard",7,"4","3",4,"1","2"
"24","Frank Lampard",4,"3","1",4,"-","-"
"25","Antoine Griezmann",6,"5","1",4,"2","-"
"26","Edinson Cavani",4,"3","1",4,"-","-"
"27","Roy Makaay",3,"2","1",3,"-","-"
"28","Ricardo Quaresma",3,"3","-",3,"-","-"
"29","Davor Suker",3,"3","-",3,"-","-"
"30","Fernando Hierro",3,"3","-",3,"-","-"
"31","Hulk",5,"4","1",3,"1","1"
"32","Angelos Basinas",4,"2","2",3,"1","-"
"33","Andrei Tikhonov",3,"1","2",3,"-","-"
"34","Alan Shearer",3,"3","-",3,"-","-"
"35","Serhiy Rebrov",3,"1","2",3,"-","-"
"36","Thierry Henry",5,"5","-",3,"-","2"
"37","Luiz Adriano",4,"1","3",3,"-","1"
"38","Nabil Bentaleb",3,"2","1",3,"-","-"
"39","Denis Irwin",3,"2","1",3,"-","-"
"40","Djalminha",3,"2","1",3,"-","-"
"41","Miralem Pjanic",3,"1","2",3,"-","-"
"42","Hans-Jorg Butt",4,"3","1",3,"-","-"
"43","Jorginho",3,"3","-",3,"-","-"
"44","Harry Kane",3,"1","2",3,"-","-"
"45","Timo Werner",3,"-","3",3,"-","-"
"46","Lucho Gonzalez",4,"3","1",3,"1","-"
"47","Arkadiusz Milik",3,"2","1",3,"-","-"
"48","Juninho Pernambucano",4,"4","-",3,"-","1"
"49","Stefan Effenberg",4,"2","2",3,"-","1"
"50","Robert Pires",3,"1","2",3,"-","-"
