"Matches_played,","Club","Won","Drawn","Lost","Goals_for","Goals against"
20,"Bayern Munich","11","2","7","30",27
24,"Real Madrid","10","5","9","31",25
14,"Juventus","8","2","4","30",19
23,"Barcelona","7","7","9","24",31
14,"Manchester United","7","4","3","21",15
11,"AC Milan","5","3","3","15",8
14,"Chelsea","3","7","4","13",16
8,"Liverpool","3","2","3","9",8
6,"Atletico Madrid","3","1","2","7",7
6,"Borussia Dortmund","3","1","2","6",5
7,"AFC Ajax","2","1","4","12",12
7,"AS Monaco","2","1","4","10",16
4,"Valencia","2","1","1","8",3
4,"Internazionale","1","2","1","4",3
2,"PSV Eindhoven","1","-","1","3",3
2,"FC Nantes","1","-","1","3",4
1,"Tottenham Hotspur","1","-","-","3",2
4,"Arsenal","1","1","2","2",4
3,"FC Porto","1","1","1","1",3
2,"Panathinaikos","1","-","1","1",3
2,"Bayer Leverkusen","-","2","-","3",3
2,"Dynamo Kyiv","-","1","1","3",4
2,"FC Schalke 04","-","-","2","1",6
2,"Manchester City","-","1","1","-",1
2,"Deportivo La Coruna","-","1","1","-",1
2,"Paris Saint-Germain","-","-","2","-",3
2,"Leeds United","-","1","1","-",3
2,"Olympique Lyonnais","-","-","2","-",4
2,"Villarreal","-","1","1","-",1
